address,take_out,business_id,latitude,longitude,name,review_count,stars
1012 State St,TRUE,-3AooxIkg38UyUdlz5oXdw,34.421931,-119.7021852,Chase Restaurant,436,"115, 56, 67, 62, 144"
2036 Cliff Dr,TRUE,-6jvfSJGprbfBD2QrS9zQw,34.4025384,-119.724894,Mesa Produce,19,"[0, 0, 0, 0, 19]"
1417 San Andres St,TRUE,#NAME?,34.418221,-119.7157951,Su Casa Fresh Mexican Grill,29,"[0, 2, 3, 7, 17]"
1905 Cliff Dr,TRUE,-BdYhP-12elmFV7oB1iv4A,34.4013817,-119.7224721,Corner Tap Room,41,"[0, 0, 2, 5, 37]"
31 W Carrillo St,TRUE,#NAME?,34.4203606,-119.7024752,Finch & Fork,1405,"[63, 82, 132, 379, 778]"
2026 De La Vina St,TRUE,#NAME?,34.4295503,-119.7176051,Taffy's Pizza,192,"[26, 18, 12, 45, 97]"
718 State St,TRUE,#NAME?,34.4192388,-119.6983869,Apna Indian Kitchen,246,"[10, 7, 8, 22, 208]"
3126 State St,TRUE,#NAME?,34.4406064,-119.7321808,Uptown Bar & Lounge,138,"[18, 9, 15, 30, 68]"
1201 State St,TRUE,#NAME?,34.4233579,-119.7047765,Benchmark Eatery,544,"[44, 51, 80, 164, 222]"
"137 Anacapa St, Ste C",TRUE,#NAME?,34.4148148,-119.6905632,Riverbench Santa Barbara Tasting Room,121,"[10, 5, 13, 29, 65]"
"315 Meigs Rd, Ste I",TRUE,#NAME?,34.400863,-119.722647,Sam's To Go,87,"[5, 1, 4, 15, 63]"
3890 La Cumbre Plz Ln,TRUE,#NAME?,34.43832582,-119.749651,Habit Burger Grill,131,"[12, 12, 15, 45, 52]"
528 Anacapa St,TRUE,#NAME?,34.4189939,-119.6950684,Dune Coffee Roasters - Anacapa,320,"[23, 24, 25, 82, 176]"
2710 De La Vina St,TRUE,#NAME?,34.4359425,-119.7253428,Edomasa,406,"[45, 38, 61, 145, 124]"
"1324 State St, Ste N, Arlington Plaza",TRUE,#NAME?,34.42536822,-119.7059072,Renaud's Patisserie & Bistro,379,"[22, 15, 37, 99, 213]"
605 Paseo Nuevo,TRUE,-nwNPb3G-0L95igrhkvMtw,34.41872208,-119.7001659,Panda Express,46,"[16, 10, 9, 4, 10]"
10 E Carrillo St,TRUE,-r6nmLB5Vi2TLQCxh0_dtw,34.4217021,-119.7013299,South Coast Deli- Carrillo,215,"[18, 11, 10, 46, 136]"
116 Santa Barbara St,TRUE,#NAME?,34.4157471,-119.6884801,Lama Dog Tap Room,238,"[19, 16, 16, 70, 122]"
207 W Anapamu St,TRUE,#NAME?,34.420862,-119.706714,Red Sand Market and Deli,11,"[1, 1, 0, 1, 8]"
1282 Coast Village Rd,FALSE,011vcXzrmB86rXoVwCJiJw,34.4218,-119.6409121,CVS Pharmacy,23,"[15, 1, 2, 2, 4]"
1936 State St,TRUE,04Ss49U_QKYLotcJMAH8cA,34.43074142,-119.7142658,Ike’s Love & Sandwiches,97,"[10, 12, 8, 13, 57]"
"1150 Coast Village Rd, Ste E",TRUE,0RxU5OglQyPVtLKC1LPgsA,34.42140788,-119.6464731,Bree'osh,497,"[12, 15, 25, 84, 375]"
29 E Cabrillo Blvd,TRUE,0ac5lGA_0wdKDnib3y59Xg,34.41319174,-119.6884379,Flor De Maiz,434,"[36, 25, 45, 49, 285]"
235 W Montecito St,FALSE,0c28ysQJ_M1fVToTFV-FWQ,34.4117091,-119.6960527,Wingman Rodeo - Montecito Street,44,"[3, 3, 8, 6, 24]"
1812 Cliff Dr,FALSE,0cWnURpfrb4MqKSzyVN4SQ,34.40171,-119.7212025,Alcazar Tapas Bar,152,"[4, 12, 15, 41, 83]"
1316 State St,TRUE,0iHHsSqphxrBWWecYEJcuQ,34.4248531,-119.7060883,Cajé Coffee - Arlington St,72,"[0, 1, 6, 11, 54]"
"4151 Foothill Rd Building A Main Fl, Bldg A",TRUE,0iLgVQpBeIYYwQZIblTTVw,34.4510958,-119.7600909,Cafe 154,10,"[1, 0, 2, 4, 3]"
800 Alvarado Pl,TRUE,0jpFptAehZhLl3nkhHDanA,34.4388519,-119.7043733,Belmond El Encanto,331,"[46, 31, 24, 44, 203]"
1260 Channel Drive,FALSE,0m0SQSIzM9WcDhJ7UEVCLQ,34.4172489,-119.6418849,Ty Lounge,32,"[1, 2, 4, 8, 17]"
5995 Stagecoach Rd,TRUE,0qu0fNTOsSmuREYVIMPuIQ,34.52162579,-119.8405629,Cold Spring Tavern,1018,"[49, 35, 92, 256, 604]"
33 Parker Way,TRUE,0tbscjPg4IzURekIn_CJ1Q,34.4144582,-119.6944402,Juice Ranch,150,"[14, 8, 15, 24, 92]"
3404 State St,TRUE,12Gc4OFQ-WAW0fAk2hRZuQ,34.4406266,-119.7367796,Kin Bakeshop,25,"[0, 0, 0, 0, 25]"
4067 State St,FALSE,13UbOVDFdxloxaient5XWA,34.4393778,-119.7583532,Jump On The School Bus,175,"[0, 1, 1, 6, 170]"
209 S Milpas St,FALSE,19Gx6T0v_GZW2je2J_mqOg,34.4196404,-119.675774,Lily's Flowers and Fruity Florets,42,"[15, 4, 1, 3, 20]"
3514 State St,TRUE,1Du1NruqJwxnzgEUHc42Jw,34.4406561,-119.7387809,SB Sunshine Cafe,208,"[8, 7, 11, 24, 163]"
1305 State St,TRUE,1U8Kt44FIkC7RnJsNjaMTA,34.42440637,-119.7060601,Teru Japanese Cuisine,34,"[0, 4, 0, 1, 30]"
3401 State St,TRUE,1XoX4eLYyfK4b8l_TqiPUg,34.4401074,-119.736727,il Fustino,28,"[2, 2, 0, 5, 19]"
"3987 State St, Ste B",TRUE,1kVnChI4aqsPw9i2PVqkkw,34.43941812,-119.7514181,Fresco Cafe,278,"[29, 22, 25, 81, 125]"
"1940 Cliff Dr, Ste B-13",TRUE,1lwulkAD5htni3rbHW8oeg,34.402151,-119.7225483,Subway,11,"[5, 1, 1, 1, 4]"
401 E Haley St,TRUE,1oGCzoCC6HnQWpdK9cCP0g,34.4212987,-119.6910125,Low Pigeon Coffee Roasters,93,"[0, 2, 3, 10, 79]"
213 Paseo Nuevo,TRUE,1pd4VYTww1UWDVai2r2RKg,34.4189482,-119.69974,805 Boba,248,"[53, 51, 34, 28, 88]"
915 Garden St,FALSE,1wvYBjX6radqmb_k0Fv_Ug,34.4239925,-119.6979304,Palihouse Santa Barbara,7,"[0, 1, 1, 1, 4]"
116 E Yanonali St,FALSE,1xsBRB203LiYLcC3mktfdA,34.4152803,-119.6899095,Kunin Wines,168,"[12, 15, 21, 53, 70]"
604 Santa Barbara St,TRUE,23OxrUaCvvVrwSa1z3xG-w,34.4202441,-119.6946664,Recipes Bakery & Gifts: An Australian Coffee House,128,"[7, 6, 10, 20, 88]"
141-153 Harbor Way,FALSE,2GiqDUNiTt5__ixRbzbqFw,34.40351936,-119.6938348,Santa Barbara Harbor & Seafood Festival,22,"[0, 1, 1, 8, 12]"
"417 Santa Barbara St, Ste A-6",TRUE,2NcOysjkx3eFi3xo8ndAUA,34.418152,-119.6927,Renegade Wines,11,"[0, 0, 0, 1, 11]"
138 S Salinas St,TRUE,2OJqIloZMAZXCW3uzF8jJw,34.4249436,-119.6711303,El Sitio,37,"[3, 4, 5, 12, 14]"
"3987 State St, Ste D",TRUE,2QaNH5-RCRNIkToUOBc22Q,34.4395144,-119.7516314,La Salsa Fresh Mexican Grill,26,"[2, 2, 0, 9, 13]"
4898 Hollister Ave,TRUE,2YnQAJdeFrcgPa8MqIYcDg,34.43661924,-119.7917364,Cody's Cafe,294,"[36, 28, 45, 90, 109]"
"811 State St, Ste B",TRUE,2bxZhBk8JZkJ1GqfTB0cUQ,34.4195303,-119.7001825,California Pasta,287,"[45, 23, 34, 85, 105]"
2000 Cliff Dr,TRUE,2cRTgUdOx7PNOQ6C0nnnug,34.402491,-119.723481,Bagel Market Cafe,79,"[14, 5, 7, 19, 35]"
1435 San Andres St,TRUE,2h3SEwpI6fiuTF9mcN1S_Q,34.4185582,-119.7161005,El Zarape,86,"[6, 9, 3, 18, 51]"
1114 State St,TRUE,2l-spLLGUzRiZg8dF623Nw,34.42282225,-119.7034016,1114 Sports Bar & Games,144,"[18, 11, 14, 22, 81]"
1150 Coast Village Rd,TRUE,2nF2syYoD5VBFk01le6NkA,34.42139766,-119.6464268,Montecito Deli & Catering,31,"[0, 3, 2, 10, 17]"
221 Stearns Wharf,TRUE,2pBNVsJo3a3CPbInUu9lvQ,34.4097583,-119.6853378,Char West,134,"[40, 23, 21, 21, 29]"
1118 E Cabrillo Blvd,FALSE,304FY8qhcOpm9SIkrzmhoQ,34.4170185,-119.6689747,Reunion Kitchen + Drink,61,"[0, 1, 5, 10, 46]"
331 Motor Way,TRUE,34Eqv8jXgxg_EEwcsNgeeg,34.4151137,-119.6944966,Backyard Bowls,659,"[38, 25, 46, 183, 378]"
601 W De La Guerra St,TRUE,34PSBuVNmEguXTwmyH5Tcg,34.4130646,-119.7060657,Guadalajara Market,11,"[5, 2, 0, 0, 4]"
121 E Yanonali St,FALSE,3DSgJFIaXjdknbZn3LSnPQ,34.4158054,-119.689906,Dart Coffee Co,123,"[4, 4, 10, 23, 84]"
"3815 State St, Ste G131",TRUE,3Wy21heeDm8h2tSZfcj6OA,34.43884928,-119.7481643,Lure Fish House,1453,"[44, 67, 109, 334, 980]"
3629 State St,FALSE,3fpAmsSuEFNF29UUPpgwlw,34.4401969,-119.7414014,Spudnuts & Bagels,292,"[6, 2, 10, 31, 251]"
418 State St,TRUE,3rzlcCvPUJ56jvYWl7iGvA,34.416536,-119.694577,Modern Times Kitchen,54,"[2, 2, 0, 9, 41]"
15 East Figueroa St,TRUE,3tvi-OJ_-iK1ecjzSaH-oA,34.42330203,-119.7028497,Hook And Press Donuts,217,"[4, 11, 24, 45, 139]"
401 W Montecito St,FALSE,3yI-WR2x322OvcGVUOSUjg,34.410332,-119.6973313,Chevron,43,"[24, 4, 2, 6, 9]"
"220 W Carrillo St, Ste 1",TRUE,425FOxIzHPcOB0niWc6-1w,34.41898762,-119.7047994,Spudnuts Donuts,100,"[15, 11, 14, 29, 31]"
2220 Bath St,TRUE,45D7B9CqiUTTPUFcqmLx5Q,34.4303146,-119.720935,Live Oak Cafe,263,"[10, 13, 16, 70, 158]"
38 W Victoria St,TRUE,49Sy1N3MTnK6Eslh1tgZQQ,34.4236075,-119.7070539,Matty's Hot Chicken,12,"[1, 1, 4, 1, 5]"
"11 W Victoria St, Ste 21",TRUE,4D7QDfPOsSPfKxBi3gs_qQ,34.4238136,-119.7060451,Olio Pizzeria,622,"[43, 49, 63, 170, 315]"
702 Anacapa St,TRUE,4FdsX3MbkcdBRAr1aymF6A,34.4200396,-119.6968561,La Paloma Cafe,77,"[5, 3, 2, 10, 57]"
,FALSE,4_JJl_mlIEI9Ui9rOHHwMA,34.420334,-119.7107494,Wine & Horse Tours,7,"[2, 0, 0, 3, 2]"
30 El Paseo,FALSE,4dF9bWpFOKGiFmL3tFmvbQ,34.4201902,-119.6996819,Happy Canyon Vineyard,69,"[8, 1, 6, 5, 49]"
205 South Salinas St,FALSE,4g7eZD8PYvUEwROZeXxA-w,34.4250092,-119.6703553,Salas Mobile Mechanic,41,"[1, 0, 0, 0, 40]"
3343 State St,TRUE,54oLdsGU9B8HxFTqCCqV-A,34.44007621,-119.7363232,Via Maestra 42,589,"[26, 33, 41, 105, 401]"
305 W Montecito St,FALSE,5LeEWF3UxdPAQhtss_PbJg,34.4113204,-119.6962919,Mercado El Rey,15,"[0, 0, 0, 5, 10]"
415 E De La Guerra St,TRUE,5Z3uvoIoOFUzTmrBmIJv2g,34.42429633,-119.6947384,Nona's Italian Deli,37,"[9, 9, 1, 9, 10]"
1835 Cliff Dr,FALSE,5iCDjFNkihjzj94Gh0kyIA,34.4012,-119.7218,CVS Pharmacy,24,"[6, 2, 0, 7, 11]"
"1230 State St, Unit A",FALSE,5uNCvNy9L6peKeKP1RRPyg,34.4242954,-119.7053091,Saigon Vietnamese Restaurant,374,"[63, 63, 58, 104, 98]"
202 N Milpas,TRUE,5vIfUavd23X3lBzjnnc4QA,34.423799,-119.6815126,Winchell's Donuts,21,"[6, 2, 4, 2, 7]"
210 Stearns Wharf,TRUE,6EPPtwJR1kdIfHiCjzCzuw,34.4104753,-119.6868426,The Harbor Restaurant,477,"[88, 73, 63, 112, 145]"
324 West Cabrillo Blvd,TRUE,6EizP0XyqITuGZ8GZMI9Lw,34.408633,-119.693496,Toma Restaurant & Bar,1084,"[44, 30, 55, 185, 790]"
205 W Canon Perdido St,TRUE,6HTGlttrzCMsuGBHO1ZGiw,34.4180454,-119.7029526,Barbareño,405,"[21, 21, 31, 46, 303]"
622 N Milpas St,FALSE,6RBZfirnzE4NahJTn1UPNA,34.4279428,-119.6872838,La Super-Rica Taqueria,1759,"[92, 175, 233, 433, 869]"
1501 Residential Services,FALSE,6RBrYMiAf8jFJI4fDoQpcw,34.40963111,-119.8450327,De La Guerra Dining Commons,6,"[2, 0, 1, 2, 1]"
1218 Santa Barbara St,TRUE,6VVbLYay8czrjKJ4xRoTxQ,34.4259896,-119.7026565,Judge For Yourself Cafe,110,"[4, 6, 13, 24, 67]"
129 Castillo St,FALSE,6cnHwjHLcAtIuMN0C6Kpbw,34.40903042,-119.6951916,Buckles 'N' Brews Invitational,10,"[0, 0, 0, 3, 7]"
636 Santa Barbara St,FALSE,6gAZriMqRfI0d4hse5o1Yg,34.4208421,-119.6955096,Sol Wave Water,28,"[5, 0, 0, 0, 24]"
38 W Victoria St,FALSE,6m4A_ciUZn1G302yx1YV1w,34.42360505,-119.7069126,Santa Barbara Public Market,270,"[10, 21, 40, 96, 105]"
3001 State St,TRUE,6smGb7xv5fDbBsLgW1WC2w,34.440233,-119.728322,Shintori Sushi Factory,185,"[24, 18, 20, 52, 75]"
31 El Paseo,FALSE,6wPNzf-HzS-TDt6CjI_LSg,34.420488,-119.699649,Silver Wines,22,"[0, 1, 1, 2, 18]"
3427 State St,TRUE,7IdIGemGZodDAA_9mJCigA,34.4400429,-119.7373433,Farmer Boy,255,"[22, 17, 26, 51, 147]"
4069 State St,FALSE,7UbXvL4SnVEDtx8oJbbuhw,34.44017272,-119.7584931,Speedway,9,"[5, 3, 1, 0, 1]"
"140 S Hope Ave, Ste A102",TRUE,7grEnJV48N6BxbEP3uxISA,34.4367253,-119.748687,Mr B Restaurant & Cafe,21,"[2, 2, 0, 3, 14]"
1131 State St,TRUE,7kLn2XsFwyJ-yFn4qx40TQ,34.4229213,-119.7044244,Buena Onda at Mosaic Locale,35,"[1, 0, 2, 2, 30]"
1085 Coast Village Rd,TRUE,7kc2qp0PINf5qW8soYREYw,34.4210992,-119.6481732,The Point Market at Coast Village Chevron,33,"[10, 1, 3, 5, 15]"
"113 Harbor Way, Ste 180",FALSE,7oPREWTlY8RIMfwT1R0YYw,34.40400371,-119.6938017,SALTY at the Beach,70,"[5, 10, 7, 16, 32]"
2001 State St,TRUE,7wSnkgOORRCqVDa_n8Upxg,34.4308351,-119.7149595,Garrett's Old Fashioned Restaurant,510,"[27, 20, 53, 126, 289]"
107 Harbor Way,TRUE,7wcHZ80HLJVwUijAH_efJQ,34.404278,-119.694053,Breakwater Restaurant,212,"[36, 29, 32, 44, 72]"
651 Paseo Nuevo,FALSE,8-ZExybRuyyXZf6aESgc3g,34.418991,-119.699996,Paseo Nuevo Shopping Center,125,"[9, 2, 16, 59, 43]"
8301 Hollister Ave,FALSE,8A5LSwsKK5vXDH1M3_Tf1w,34.43454513,-119.9206728,"The Ritz-Carlton Bacara, Santa Barbara",1383,"[212, 188, 186, 232, 631]"
314 E Haley St,TRUE,8JzURExziDYuCrd7Ve9nDQ,34.4202813,-119.6915269,Los Tarascos Bakery and Deli,44,"[3, 1, 3, 5, 32]"
432 E Haley St,TRUE,8Lbz0hfE4MWzd7yDu9atBA,34.4217441,-119.689904,Uncorked Wine Tasting and Kitchen,146,"[1, 1, 1, 11, 143]"
18 E Ortega St,TRUE,8MoqZqlNN9AXzG91_Hpc_Q,34.4190968,-119.6974545,Dargan's Irish Pub & Restaurant,289,"[20, 8, 38, 86, 139]"
1994 Cliff Dr,TRUE,8RlO6NuhWzXktp-1croq5A,34.4024127,-119.7235134,Szechuan Restaurant,234,"[35, 19, 23, 61, 106]"
26 E Ortega St,TRUE,8Vo6LN9gqULhXzoxj5k6kQ,34.4192463,-119.6970386,The Black Sheep,983,"[52, 41, 70, 156, 693]"
914 Santa Barbara St,TRUE,8_r9EZL6vX5fPBoVh3gUrA,34.4232341,-119.698741,La Playa Azul Cafe,318,"[27, 21, 36, 83, 162]"
,FALSE,8ei40SEWTURN8ROo5mBiJg,34.433094,-119.6817845,Fire & Wine Catering,39,"[0, 0, 0, 0, 39]"
610 State St,TRUE,8vMULlBjFJyS_836tOKnVQ,34.4181565,-119.6967313,World Market,56,"[4, 2, 6, 19, 27]"
804 Anacapa St,TRUE,9JHhenxdM20EqmTQba6WyA,34.4213041,-119.6984869,Frequency Wine,61,"[0, 0, 2, 3, 59]"
,FALSE,9L-MR0arflwFMF9szEBOOg,34.41446605,-119.6851896,California Wine Festival,7,"[0, 1, 0, 1, 5]"
"219 Stearns Wharf, #B",FALSE,9dYarThtZVX4PvmtnFIrxA,34.4098797,-119.6855073,Mother Stearns Candy,41,"[10, 2, 11, 9, 9]"
3302 Mc Caw Ave,TRUE,9h0i4lVC5eCVhRTanWsEAg,34.4385383,-119.7351631,Le Cafe Stella,263,"[34, 25, 41, 67, 105]"
101 W Carrillo St,FALSE,9mFXgiTMa-mdaqmxA41t6A,34.4199297,-119.7029883,The Point Market,10,"[4, 0, 0, 1, 6]"
628 State St,TRUE,9u79dIXLQzmt9rnOZEnBaQ,34.418499,-119.697453,The Habit Burger Grill,306,"[15, 20, 58, 113, 107]"
310 Chapala St,TRUE,9ugpNKKhnYRa51qXoxUw_A,34.414316,-119.694449,Lilly's Tacos,1219,"[21, 41, 88, 324, 772]"
4010 Calle Real,FALSE,AAiPARkDNPHR2g7BnmFRUw,34.4414002,-119.7557568,Hi-Time Liquors No 6,6,"[1, 1, 0, 0, 5]"
3761 State St,TRUE,AMi1h-goNueHf_Lvx4Cu4g,34.43934579,-119.7455127,Whole Foods Market,224,"[52, 35, 24, 63, 60]"
"131 Anacapa St, Ste B",FALSE,AV3XPH1iv8PKSO6mrnYgLg,34.4144445,-119.6906718,Pearl Social Santa Barbara,36,"[3, 1, 3, 7, 24]"
11 Anacapa St,TRUE,AXC__4yZrn-N3BT7-2bV_Q,34.41339,-119.68894,Biergarten,104,"[8, 5, 8, 21, 62]"
210 Stearns Wharf,TRUE,Aes-0Q_guDeYewMapFs_vg,34.41029155,-119.6865422,Longboard's Grill,516,"[92, 97, 115, 109, 104]"
210 Stearns Wharf,FALSE,AgiBcv5rKdV9QIO5yF7w8g,34.4104753,-119.6868426,Harbor of Santa Barbara Inc,5,"[0, 2, 0, 1, 2]"
208 West Carrillo St,TRUE,Aj44kUBmEfJlUsGCvKJKtw,34.419347,-119.704388,Starbucks,21,"[7, 3, 2, 3, 6]"
318 N Milpas St,TRUE,Ak4vFqHZUWU5KXONRnuieQ,34.4249982,-119.6833024,Los Altos Restaurant,166,"[13, 7, 13, 34, 100]"
"1221 State St, Ste 205",TRUE,AmAc0eD6lyVyb7QdOAO1Mg,34.42379835,-119.7052932,Soho Restaurant & Music Club,138,"[25, 8, 19, 42, 46]"
1936 State St,TRUE,AorcIbAAOJI7z0CBwICwoQ,34.43084144,-119.7143215,7-Eleven,11,"[6, 0, 0, 3, 2]"
418 State St,FALSE,AqOSpSqdocwtIjqTECW2ng,34.416527,-119.6945756,Broad Street Oyster Company,5,"[0, 0, 0, 0, 5]"
138 E Canon Perdido St,TRUE,AzZqXglv_puXwd4kCvM7ew,34.4225063,-119.6983786,Rudy's,96,"[12, 8, 7, 19, 52]"
,FALSE,B1mZ8PEh4JYCTElXFVg8kQ,34.4381407,-119.6151426,Poe and Co,9,"[1, 0, 0, 0, 8]"
36 State St,TRUE,B1yPXzIIJrLWyTcE4jsYuQ,34.41347235,-119.6906522,Goat Tree,311,"[53, 41, 33, 51, 144]"
24 W Figueroa St,TRUE,BErYojCJSO959vzaz9JclQ,34.4219321,-119.7040745,Savoy Cafe & Deli,571,"[31, 20, 28, 142, 365]"
4421 Hollister Ave,TRUE,BEzvmorW8ILha6tcSxBBwA,34.439746,-119.770649,Valentino's Take N Bake Pizza,69,"[5, 2, 1, 11, 50]"
"3313 State St, Ste B",TRUE,BQv7ntaOxs80FJAji2U9pg,34.439317,-119.735834,Harry's Plaza Cafe,337,"[52, 31, 45, 91, 130]"
1202 Chapala St,TRUE,B_q2xoAgTyn6U4YNEc3kSw,34.422519,-119.7057271,China Pavilion,348,"[70, 31, 44, 108, 103]"
626 W Micheltorena St,TRUE,BaWVwChTW_MqkKru_WZp3g,34.4192829,-119.7158982,Super Cuca's Restaurant,276,"[18, 13, 37, 64, 150]"
800 El Bosque Rd,FALSE,BensdYRuR-zra1g3nBJFXQ,34.445018,-119.623996,La Casa De Maria,12,"[1, 0, 1, 0, 10]"
2012 De La Vina St,FALSE,Bo-GGwQNcLVwyKeYkbfAYg,34.4291544,-119.7172224,Vino Divino,19,"[0, 0, 0, 1, 19]"
129 E Anapamu St,FALSE,BseHdXex5Od2Or_TyUIoWQ,34.425341,-119.7027168,Courthouse Tavern,13,"[3, 0, 0, 3, 7]"
431 State St,TRUE,BwUWmUFKCuJ-nN9vFwMt2Q,34.4164228,-119.6954472,Himalayan Kitchen,361,"[52, 23, 26, 87, 183]"
3731 State St,TRUE,C-aATB7SbuwMBPN5dgjghQ,34.4400942,-119.7434636,Rusty's Pizza Parlor,127,"[31, 16, 20, 32, 33]"
"1255 Coast Village Rd, Ste 102A",TRUE,C-zgOpqD2K0xDJU4ty7zKg,34.4210441,-119.6419027,Honor Market,57,"[2, 6, 3, 10, 39]"
1498 E Valley Rd,TRUE,C6AiAF35zwpAoK5jjm-nhA,34.4372898,-119.632278,Montecito Coffee Shop,37,"[7, 4, 2, 13, 12]"
500 James Fowler Rd,FALSE,C9_UPkwXYx9B3fxNLkCHgA,34.424872,-119.836485,The Coffee Bean & Tea Leaf,8,"[3, 1, 0, 2, 2]"
76 El Sueno Rd,FALSE,CNVbKrqBr6NdKqzCYLeZrA,34.4417269,-119.7691746,Hi Time Stop & Shop,7,"[2, 0, 1, 0, 4]"
436 State St,TRUE,COSC9JC0Vjr89CaTZuPkUA,34.41672516,-119.6952347,Santa Barbara Craft Ramen,477,"[33, 36, 41, 116, 255]"
"1230 State St, Ste C",TRUE,CUWituEeIX3xA0xU7X82Ow,34.4241338,-119.7053847,Brasil Arts Cafe,360,"[39, 13, 27, 75, 213]"
"406 E Haley St, Ste 3",TRUE,CWdCNIJU4Kh480NV9dgQjw,34.42094771,-119.6904922,Third Window Brewing,183,"[5, 5, 7, 46, 122]"
5097 Hollister Ave,FALSE,Cd-hiDiuj7TFv8b_Nln5aA,34.43454655,-119.8019228,The Point Market at Walnut Shell,11,"[2, 1, 1, 4, 3]"
232 W Carrillo St,TRUE,Ce6B2-CYAjGvRZe3GKyxYA,34.4185116,-119.7053495,Rusty's Pizza Parlor,124,"[42, 15, 15, 25, 33]"
4422 Hollister Ave,FALSE,Ch6O9z9_hHDACROLTr2JUQ,34.440266,-119.7707687,European Deli Market,45,"[3, 1, 4, 11, 29]"
"1324 State St, Ste A",TRUE,CkENBnSJFfPA1hY0qrqfCg,34.42505409,-119.7065042,Carlitos Cafe Y Cantina,731,"[99, 78, 89, 203, 281]"
1325 State St,TRUE,CoZ2mpsMBP8HUG1ymKoZTg,34.4247634,-119.7067564,Opal Restaurant & Bar,954,"[21, 68, 94, 279, 520]"
"1221 State St, Ste 10",TRUE,CuRjZOmfnXjefwEpyzmTTw,34.4238017,-119.7052941,4 Eggs & Pizza,60,"[1, 0, 1, 5, 54]"
509 State St,TRUE,CziOtnFSklimJnBgksDDwA,34.419107,-119.699243,Pascucci,1069,"[197, 144, 155, 258, 343]"
119 E Cota St,TRUE,D1OT9vuepvXJrn5VDgm4YA,34.419744,-119.695264,Santa Barbara Certified Farmers Market,113,"[2, 1, 6, 22, 84]"
127 Anacapa St,TRUE,DOfiulOub9hVPBCtiDl9Fw,34.414643,-119.690235,Lucky Penny,643,"[51, 36, 58, 167, 344]"
726 N Milpas St,TRUE,DV0BJwh9qzPqcxufrA_7ag,34.4290389,-119.6886416,Sam's to Go - Milpas,33,"[12, 5, 1, 7, 8]"
,FALSE,DZdGvf67WEG8ZDRM2fLt1w,34.420334,-119.7107494,Explore Wines Tour,48,"[0, 0, 0, 0, 49]"
3849 State St,TRUE,D_PdJRvtr_syv1DtLIoM0g,34.43926,-119.749113,See's Candies,12,"[1, 2, 0, 3, 7]"
4123 State St,TRUE,D_WS8rM-DVygaCKbIErZ6Q,34.440664,-119.760507,Palapa,232,"[24, 19, 21, 64, 112]"
,FALSE,DlCDhT-ovjV7hQywe0YirQ,34.53229314,-119.7996863,The Cookery Catering,5,"[0, 0, 0, 0, 6]"
10 El Paseo,TRUE,DqVpNtgFCP47n6frh-LREA,34.42076867,-119.6991677,El Paseo Mexican Restaurant,262,"[56, 34, 22, 55, 99]"
17 W Ortega St,TRUE,E1R-xslwl7XeTN5lQ7mWPg,34.417947,-119.6984853,Little Kitchen,272,"[15, 10, 20, 66, 169]"
"1187 Coast Village Rd, Ste 5",TRUE,E1b_hNr22N2wGkq5Z9fmHw,34.4207816,-119.6449207,Juice Ranch,21,"[5, 2, 0, 1, 13]"
901 Chapala St,TRUE,E3WUDYEvCVMplIFMgeN1xw,34.419398,-119.702048,Cajun Kitchen Cafe,519,"[32, 42, 62, 158, 231]"
701 Bath St,FALSE,E451ihy72tsLMAxbpPa0WQ,34.4154595,-119.7016646,Little Corner Store,11,"[1, 0, 1, 3, 6]"
101 E Cabrillo Blvd,TRUE,E7RtIisUoRMcADSebBgNAA,34.4136026,-119.6880758,Santa Barbara FisHouse,1140,"[122, 132, 168, 313, 434]"
414 N Milpas St,TRUE,E8tiSAB6O4TPeVdKR0K5Ug,34.4259023,-119.6843914,Rusty's Pizza Parlor,89,"[28, 9, 6, 23, 23]"
2840 De La Vina St,FALSE,EA4v61tJCHg8xhk7bqn8Yw,34.437485,-119.726,Grocery Outlet Bargain Market,32,"[3, 0, 3, 4, 22]"
"3849 State St, Ste 163",TRUE,EBuSqlpzzyfZZkEgPxVV1Q,34.439291,-119.7491819,Wingstop,36,"[10, 3, 5, 5, 19]"
827 E Montecito St,TRUE,EEwmN2uP1PmOyxpTstSIxA,34.42433673,-119.6832438,Fernando's Churros,40,"[5, 0, 0, 4, 34]"
1501 San Andres St,TRUE,ENp_DT0yXdIzdk_O8Ti_kQ,34.4186862,-119.7164965,Foodland,13,"[1, 2, 1, 5, 4]"
3888 State St,TRUE,ERzIS-WRLw-80_B4yqcG3Q,34.4407042,-119.7500818,Chuck's of Hawaii,260,"[37, 29, 26, 73, 105]"
633 E Cabrillo Blvd,TRUE,EWl5aixg4hCcuVYpz4BLKQ,34.417139,-119.6758097,Cafe Los Arcos,10,"[2, 2, 2, 4, 0]"
"119 Harbor Way, Ste B",TRUE,EXYbKA1tocvOK_1tXxZXLA,34.4039742,-119.6933033,Sushi GoGo,178,"[23, 16, 27, 59, 59]"
"35 State St, Ste A",TRUE,EZc2myE2mYk2h9JK9qu8gw,34.412764,-119.6903388,Finney's Crafthouse,1047,"[58, 57, 86, 242, 635]"
30 W Anapamu St,FALSE,E_ac8Q20OJD9L8cafCBKaQ,34.42257,-119.7054592,Milk & Honey Tapas,534,"[24, 41, 50, 159, 268]"
6 Harbor Way,FALSE,Ea2N2vZirKywxylvVo9Xpg,34.403734,-119.6930168,Saturday Fishermen's Market,9,"[0, 0, 0, 1, 8]"
,FALSE,EcJQ-fvI6ROOcKIu7XEcrQ,34.4208305,-119.6981901,Get Hooked Seafood,10,"[0, 0, 0, 0, 10]"
"38 W Victoria St, Ste 101",FALSE,EoLzj1yciIjEZS9ZEJe_kQ,34.4236075,-119.7070539,The Garden,85,"[22, 15, 15, 16, 25]"
402 N Milpas St,TRUE,EtGFDdjui_Hww78JU4XoXg,34.42569655,-119.6839676,7-Eleven,6,"[3, 0, 0, 0, 3]"
514 State St,TRUE,EtM079Cj7-B3G7jPsGYb_Q,34.417371,-119.695827,Sandbar,1546,"[226, 129, 191, 355, 689]"
"120 State St, Ste C",FALSE,EtbukcoR6QW6_5fEeFcVoQ,34.41367635,-119.691008,Melville Winery,62,"[10, 1, 4, 7, 40]"
3445 State St,FALSE,EwaakynaS06R64xY8xM57g,34.440315,-119.738162,BYOB! Brew Your Own Beverage,9,"[0, 1, 0, 0, 8]"
1701 State St,TRUE,EzhRlsTdACV60rOgrGYyqA,34.42808,-119.71125,IHOP,98,"[23, 12, 11, 24, 29]"
"11 W De La Guerra St, Unit A, Paseo Nuevo Mall",TRUE,FDTwPQ4CNWEOY0rfh4eTzQ,34.41919864,-119.6996242,ParadICE Hawaiian Shave Ice & Ice Cream,192,"[3, 3, 3, 10, 175]"
5134 Hollister Ave,TRUE,FE5R_F7svUphKeUWuxA0JA,34.435934,-119.8028451,Del Pueblo Cafe,206,"[27, 22, 26, 49, 97]"
216 W Cabrillo Blvd,FALSE,FEBwxZMEpxRwVXx9Fm0XZw,34.4099411,-119.6922624,Chad's,1268,"[117, 90, 175, 339, 573]"
3607 State St,TRUE,FH0MVF7kK0D76Hh4e7hXfQ,34.4401942,-119.7408847,Jeannine's American Bakery Restaurant,575,"[35, 39, 65, 162, 280]"
1109 State St,FALSE,FNT8JRNUh841qOvKhCC1NQ,34.42243608,-119.7039661,CVS Pharmacy,25,"[18, 1, 2, 2, 3]"
229 W Montecto St,TRUE,FTFaEinJgzqY0ZHQMUSpQQ,34.4120313,-119.6957699,The Brewhouse,696,"[61, 70, 104, 230, 245]"
7 S Milpas St,TRUE,Fg68C3AwFu74dXMhgX3qIw,34.4216371,-119.6784399,Carl's Jr,18,"[3, 0, 4, 8, 3]"
"324 State St, Ste C",FALSE,FjJxG78092vB1sa6hYzebw,34.4157298,-119.6936606,First Paige Fitness,5,"[0, 0, 0, 0, 5]"
"131 Anacapa St, Ste C",FALSE,FrxcwylzrO-ZnzxtiyUdDg,34.41450484,-119.6906389,Santa Barbara Wine Collective,83,"[18, 4, 5, 4, 53]"
813 North Hope Ave,FALSE,G2Mdyjts3zs8VKPi0jhLNQ,34.4517363,-119.7468046,Cool Couriers Santa Barbara Delivery Service,5,"[0, 0, 0, 0, 5]"
800 Alvarado Pl,FALSE,G9rBwcWp56C8r6ZFwVuimA,34.439548,-119.703871,Belmond El Encanto Dining Room,224,"[48, 40, 35, 32, 79]"
18 E Cota St,FALSE,GBD-YjcOD1nG0wv4L0Lvfg,34.4182166,-119.6961201,Venus in Furs,24,"[0, 0, 0, 4, 20]"
1121 E Montecito St,FALSE,GRqPFmstPY7k8EBxEJ8i4w,34.4270495,-119.6802229,Pennywise Market,12,"[0, 0, 0, 4, 8]"
515 N Milpas St,TRUE,Gl3XO4ECKKli8-bKKdkkYA,34.42658518,-119.6860595,KFC,36,"[20, 6, 5, 2, 4]"
2299 Las Positas Rd,FALSE,GmOfZHgU9fm75f1nmVZnNA,34.4270394,-119.734822,The Point Market,7,"[2, 0, 0, 2, 3]"
126 E Canon Perdido St,FALSE,GtrY5U_M1ac3bYCk0DUeIg,34.4221614,-119.698622,Three Pickles Subs and Sandwiches,244,"[13, 7, 14, 65, 150]"
1919 Cliff Dr,TRUE,GuzbBFraIq-fbkjfvaTRvg,34.4013485,-119.7230803,Mesa Verde,1796,"[33, 39, 80, 187, 1523]"
432 E Haley St,TRUE,GwtVBqKzW9j0zNQ7nYnT5g,34.4217441,-119.689904,AH Juice Organics,115,"[23, 11, 8, 14, 61]"
"1046 Coast Village Rd, Ste F",TRUE,Gz3vi3dVKMylBb8HV1tP8Q,34.4219674,-119.6501878,Blenders In the Grass,68,"[17, 6, 3, 17, 27]"
721 Cliff Dr,FALSE,H5bsmYmdO3FBVQHC3jfx2g,34.4064006,-119.6972865,John Dunn Gourmet Dining Room,5,"[0, 0, 1, 3, 1]"
416 E Micheltorena St,FALSE,HKHz6u48Qgftwk_VRkLqSA,34.4307771,-119.7031754,Riviera Market & Liquor,12,"[0, 0, 0, 1, 11]"
4880 Hollister Ave,TRUE,HNACff49-kXS7l0MyLOzHw,34.43653347,-119.7910648,Rusty's Pizza Parlor,48,"[28, 4, 3, 4, 10]"
600 Olive St,TRUE,HOXbILWYZJkNUYYzYK_tZA,34.4232597,-119.691138,Arnoldi's Cafe,291,"[26, 23, 40, 75, 135]"
7 W Haley St,FALSE,Hl_vXTiYLozWo7T9Cq17vw,34.416454,-119.695668,Aperitivo,47,"[0, 0, 0, 0, 48]"
712 N Milpas St,TRUE,Hlx8S2GLF7hMuIKx4sU-gg,34.4285995,-119.6882227,Cesar's Place,117,"[19, 6, 10, 30, 55]"
2819 State St,TRUE,HrnSaz2f1WUEoAQQ6iD6gw,34.43822593,-119.7250354,Lemon Tree Inn,270,"[104, 31, 27, 53, 57]"
425 State St,TRUE,I0jFTYVDs-WHwKR2XHQlRA,34.4162591,-119.6952494,Zen Yai Thai Cuisine,347,"[19, 33, 55, 103, 142]"
"131 Anacapa St, Ste C",TRUE,IDtLPgUrqorrpqSLdfMhZQ,34.4144445,-119.6906718,Helena Avenue Bakery,389,"[20, 24, 38, 86, 233]"
716 State St,FALSE,IG-CwPl5mb6-hmpFjXUIvA,34.419247,-119.698394,Choppa Poke,52,"[12, 1, 3, 4, 33]"
,TRUE,IRBhPAC4ZoDpXazpoB3epQ,34.420334,-119.7107494,Good Stuff Baked Treats,9,"[0, 0, 0, 1, 8]"
1972 Cliff Dr,TRUE,IRyKDIF51M0GcqS8yfPcYA,34.4022202,-119.7228003,Mesa Cafe,374,"[34, 37, 47, 136, 130]"
905 State St,TRUE,IXQH9-nnTWZFgBF0V3MH-A,34.4206139,-119.7009473,Cali-Forno Pizzeria,16,"[4, 0, 1, 0, 11]"
1117 State St,TRUE,IZZ7J14VnJGyUqYH1tgT6w,34.4226158,-119.7040291,Satellite,159,"[4, 4, 10, 15, 130]"
34 Anacapa St,FALSE,IljCDlZnTftfZEruqa4sRQ,34.414453,-119.689178,The Funk Zone,43,"[2, 4, 7, 13, 17]"
"1114 State St, Ste 14",TRUE,IoihJkcF2FcE-sHOneat-A,34.422942,-119.70303,Petit Valentien,342,"[28, 19, 33, 85, 190]"
222 N Milpas St,FALSE,Iw3lHwjwIjvfsgVOwpF_UQ,34.4250274,-119.6815129,Trader Joe's,47,"[7, 4, 2, 5, 31]"
175 N Turnpike Rd,FALSE,J2gkKCIOhmMTDIt0CKkXAg,34.4434425,-119.7897616,Turnpike Shell & The Point Market,42,"[14, 5, 1, 7, 15]"
619 East Gutierrez St,FALSE,JB5tlC_7u5IHT2Z_GHN-qw,34.4229928,-119.686982,Daily Greenz,8,"[0, 0, 1, 0, 8]"
1114 State St,TRUE,JWFpjvCc_nkNDVtMPx1ZGg,34.4230427,-119.7032863,Bogo SB,12,"[1, 1, 0, 2, 8]"
832 N Milpas St,TRUE,JZrspVMm79n_iHTYftkI0g,34.43013953,-119.6897619,La Tapatia Bakery,56,"[8, 1, 4, 11, 32]"
418 State St,TRUE,JiBxL733qjm8WAddu-RzDQ,34.41640127,-119.6946343,Broad Street Oyster Company,71,"[0, 1, 1, 8, 63]"
905 State St,TRUE,JjmmSW_QQh2Db4fuIEMATA,34.42060882,-119.7009534,Persona Pizzeria,624,"[68, 45, 64, 134, 337]"
428 Chapala St,TRUE,JoD_Fkf2rl3s3Ms5Sfb7uw,34.4156079,-119.6960641,Healthy Warrior Meal Prep,12,"[0, 0, 0, 0, 12]"
111 State St,TRUE,JpwG8sDNsHuD0f6NF6YuGw,34.413168,-119.691316,Rusty's Pizza Parlor,164,"[43, 16, 23, 36, 49]"
503 State St,TRUE,Js3m_GdqNUGnEgXJ8WMtfQ,34.416504,-119.6956177,Hana Kitchen,253,"[71, 32, 22, 57, 76]"
1180 University Ctr,TRUE,KIpghikMrBbxx75tx_ZJUw,34.411595,-119.848143,Starbucks,13,"[4, 2, 2, 0, 5]"
202 State St,FALSE,KSYONgGtrK0nKXfroB-bwg,34.41420411,-119.6916436,Loquita,914,"[34, 44, 57, 136, 663]"
324 W Montecito St,TRUE,KTlABGqop4Q7FzD7lSkHJQ,34.4112256,-119.6972939,Santa Cruz Markets,28,"[2, 1, 4, 14, 8]"
3025 De La Vina St,FALSE,Kthnb7PjDSd7FsBp4wqoHA,34.4389627,-119.728949,Trader Joe's,85,"[2, 4, 2, 33, 47]"
1 State St,FALSE,L4-_gPiqsuX50JN_-qUhNQ,34.41220526,-119.689592,Jeannine’s American Bakery & Restaurant,41,"[0, 1, 0, 6, 34]"
5221 Cheadle Hall,TRUE,L8rhRyXtpq2nCE0il1KN_g,34.41573463,-119.8466787,Coral Tree Cafe,28,"[6, 2, 9, 7, 5]"
University Center Bldg 558,TRUE,LEo6sBsQz3xrpKW-DQjTWQ,34.41156634,-119.8478269,Panda Express,18,"[5, 3, 5, 2, 3]"
403 W Pueblo St,TRUE,LMm555z8BReDxgkpF_TEug,34.4290942,-119.7231075,Park Place Deli,9,"[1, 0, 1, 2, 5]"
130 N Calle Cesar Chavez,TRUE,LsniEK_m_Jbj7JMbT4eRxQ,34.4206191,-119.6842739,101 Deli,28,"[0, 1, 2, 4, 21]"
23 E Canon Perdido St,TRUE,LtxG9DTXCFpteVkD4SGBlw,34.421359,-119.7000324,Sevtap Winery Tasting Room,307,"[37, 8, 18, 52, 197]"
1208 State St,TRUE,LuPK46HMxRYEVTXVbBCR1g,34.4237005,-119.7046377,Sama Sama Kitchen,477,"[47, 47, 51, 94, 253]"
1024 Coast Village Rd,TRUE,M3LZKA-tVFRJyPeKA3_2OA,34.4227834,-119.6518454,Merci To Go,9,"[0, 0, 0, 3, 6]"
1112 State St,TRUE,M8GN3mTBVC6iA80eRIdzgg,34.4228637,-119.703516,DeliverySB,14,"[2, 0, 1, 2, 9]"
32 Anacapa St,FALSE,MAIfD4kJDCydgoD1l2b_vw,34.4142112,-119.6887567,Corks n' Crowns,276,"[26, 16, 22, 84, 132]"
220 Stearns Wharf,TRUE,MJI-bNIn3QDgiGggm9Wp1w,34.4092096,-119.6854512,Moby Dick Restaurant,871,"[206, 179, 152, 156, 194]"
1260 Channel Dr,FALSE,MX2YGruhd0sMNHZGK7p5-Q,34.417214,-119.642527,Bella Vista,261,"[16, 26, 38, 66, 119]"
324 State St,TRUE,MbzgGsMQpGyVrUJXi_Jw0Q,34.4157298,-119.6936606,Dawn Patrol,807,"[25, 44, 103, 184, 463]"
,FALSE,MsqmvxOvkOnofmLlFM1iHg,34.44965186,-119.7332053,Market Forays,8,"[0, 1, 0, 0, 7]"
14 W Figueroa St,TRUE,MwJsk91FJ73YzzmpVaJihQ,34.4220557,-119.7037481,Los Arroyos Mexican Restaurant & Take Out,448,"[37, 33, 67, 122, 196]"
32 Anacapa St,FALSE,MxmcGeTRzLPaTwhDm1txSQ,34.4142112,-119.6887628,Craft Beer Club,20,"[12, 3, 1, 1, 4]"
3754 San Remo Dr,FALSE,N12Pwub9Tj-5AhuPfbj-Mg,34.4429887,-119.7453637,Big Joe's Tacos,35,"[2, 4, 1, 2, 27]"
721 Cliff Dr,TRUE,NAWO3P0rl396h0kdRXwuFA,34.40607176,-119.6976964,JSB Cafe at Santa Barbara City College,16,"[2, 2, 1, 2, 9]"
"27 West Anapamu St, Ste 104",FALSE,NDwoKO79_T49UEKVDlHd3A,34.4224525,-119.7050212,Sustainable Wine Tours,358,"[1, 0, 1, 0, 363]"
601 Paseo Nuevo,TRUE,NIQWO-Q_F598XlAvZnFVCA,34.4186116,-119.7001508,Eureka!,961,"[111, 108, 131, 261, 419]"
819-B State St,TRUE,NORF647ibBQ4U-VNMgzSLg,34.41968237,-119.7003017,Oakberry Açaí Bowls and Smoothies,77,"[4, 3, 3, 8, 59]"
,TRUE,NTWeW_PgQjIZ38h8St7mCQ,34.420334,-119.7107494,Posies & Sugar,14,"[0, 0, 0, 1, 13]"
"651 Paseo Nuevo, Ste 305",TRUE,Nbht3URjeV94507do0goEw,34.41899245,-119.7000565,Pressed,111,"[6, 8, 10, 20, 74]"
205 W Montecito St,FALSE,NfHhm-3-zyeBBBwX0rNonQ,34.4121276,-119.6954078,The Berry Man,6,"[1, 0, 0, 0, 5]"
1046 - A Coast Village Rd,TRUE,NmJX_LZ7ShIZqspI31RVZA,34.421735,-119.650254,Starbucks,85,"[16, 16, 12, 22, 23]"
2028 Cliff Dr,TRUE,NmexnuLm3zyKxsgwbCe7ug,34.40249704,-119.724131,The Lovin Spoonful,67,"[1, 1, 1, 9, 55]"
3707 State St,TRUE,NuMR1xJu6Ewxaicc4yLOFw,34.440156,-119.742963,Chick-fil-A,232,"[38, 15, 21, 44, 125]"
"22 N Milpas St, Ste A",FALSE,O2lFAWD2WXXx5EKkzPutWQ,34.422246,-119.679611,Your Place Thai Restaurant,434,"[46, 38, 47, 112, 198]"
19 E Mason St,FALSE,O3jPfTDRn5_1O3ZM_LuxQw,34.4135892,-119.6900928,Margerum Wine Company,139,"[16, 5, 5, 14, 102]"
120 Santa Barbara St,FALSE,OCW1gs6Rjn90_x5EV0PuaA,34.4158531,-119.6885284,Fox Wine,69,"[4, 6, 4, 6, 49]"
3558 State St,TRUE,ODvaMIpjD6bHiwQ9-kmECw,34.4404899,-119.7398757,Vices & Spices From Around the World,81,"[1, 7, 6, 14, 55]"
416 State St,TRUE,OM5beWRkxZSu1TShUC3EDw,34.41640094,-119.6945477,The Drunken Crab,595,"[47, 41, 45, 124, 356]"
815 E Figueroa St,TRUE,OMWhamtXhqlYCj66MqcxuQ,34.4314498,-119.6938499,Aksum Restaurant,9,"[0, 0, 0, 1, 8]"
3939 State St,FALSE,OQKKEbPoXqZwSF5CiNWZeQ,34.4394,-119.7532,CVS Pharmacy,58,"[46, 4, 3, 1, 7]"
,FALSE,OjHy_M9BrUmdJ4L3KCCCWQ,34.420334,-119.7107494,Nimita's Cuisine,28,"[1, 2, 0, 1, 24]"
1808 Cliff Dr,TRUE,OyFxR5E2HBy-K2-0AxCtFg,34.4015916,-119.7206821,Domino's Pizza,42,"[25, 3, 3, 7, 5]"
"185 S Patterson Ave, Ste D",TRUE,OzGk7arJv6FPrWqaYSvyKQ,34.4356695,-119.8097733,Choi's Oriental Market,175,"[9, 3, 7, 36, 123]"
2840 B De La Vina St,FALSE,PBXFaKio7FJ-4JehJGh_gg,34.4376229,-119.7262251,Fattes Pizza,10,"[0, 1, 1, 2, 6]"
3943 State St,FALSE,PBtNupbFFNj3iV1E1kr5bg,34.4395323,-119.7515165,Smart & Final Extra!,24,"[14, 1, 3, 1, 7]"
"3925 State St, Unit A",TRUE,PHSda9zEwtFicCICD6TP1A,34.44014643,-119.7523719,Luna Grill,225,"[28, 29, 31, 45, 108]"
819 Anacapa St,FALSE,PPcz-0UtIJ8O7xDT551y2g,34.4211464,-119.6988864,Intermezzo By Wine Cask,141,"[5, 2, 15, 24, 98]"
3404 State St,TRUE,PVo1orQ9R7ZHfg90QACh-w,34.4406266,-119.7367796,Your Choice,346,"[24, 16, 40, 93, 182]"
128 E Canon Perdido St,TRUE,PWWGbkPC_agn-4s1Hv1W5A,34.4222976,-119.6984801,Handlebar Coffee Roasters,1048,"[15, 31, 55, 193, 771]"
3130 State St,TRUE,P_QAD4_iMgqTaWd5On_n3g,34.440696,-119.732304,TAP Thai Cuisine,332,"[40, 35, 42, 88, 136]"
205 Santa Barbara St,TRUE,PaqDZUu76fZtMvcYqCEBig,34.4161821,-119.6897762,Rincon Brewery,32,"[2, 3, 1, 6, 20]"
,FALSE,PilMA5jBSjfh2rlCLG50Cw,34.420334,-119.7107494,Blue Corn Tacos Catering,11,"[0, 0, 0, 0, 11]"
1915 De La Vina St,FALSE,PrJEYGjlhaF0BSZk_Q-uPg,34.42816661,-119.7164056,El Pastorcito,5,"[0, 0, 0, 0, 5]"
821 N Milpas Street,TRUE,PsO9LleYQJlFc_r-DJxVzg,34.429167,-119.689368,Taco Bell,30,"[10, 1, 2, 7, 12]"
824 Reddick St,FALSE,PtaFDKkhxSjcXz6dVM0uLw,34.4253387,-119.6849868,Deux Bakery,48,"[1, 1, 2, 5, 43]"
"2840 De La Vina St, Ste A",FALSE,Q-ZqJY2AXNJIGj-DmlzRuw,34.4376229,-119.7262251,Plaza Liquors,6,"[4, 0, 1, 0, 1]"
23 E De La Guerra St,TRUE,QBNATcq7Stx9LxcSq16W7w,34.420418,-119.698904,Jamie Slone Wines,210,"[7, 4, 7, 25, 170]"
209 W Carrillo St,FALSE,QFNrQo2BGE62G-FbIlWWgw,34.4189718,-119.7041907,Mels,32,"[5, 3, 3, 7, 14]"
791 Chapala St,TRUE,QFh-h_OZ5Io-mBk32HN28A,34.4182687,-119.7005116,Kyle's Kitchen,638,"[41, 49, 88, 164, 312]"
"315 Meigs Rd, Ste F",TRUE,QLHgjBHBoeIUoEvIPvjHnw,34.4007984,-119.7226708,Mesa Burger - Santa Barbara,442,"[26, 41, 49, 87, 264]"
,FALSE,QNilrbTi8912ye2ztnBMpA,34.42,-119.7,DeeTours of Santa Barbara,188,"[0, 0, 0, 5, 183]"
36 A S Calle Cesar Chavez,FALSE,QcMPEiTXY2wS5dKZdzIW0w,34.41746598,-119.6812818,Whitcraft Winery,34,"[4, 3, 3, 6, 18]"
609 N Milpas St,TRUE,QfXEdQpBojorGinfCnrKTA,34.4273816,-119.687148,Subway,17,"[5, 5, 4, 2, 1]"
227 N Nopal St,TRUE,Qi-A4ZgcEuSnq_8Fpfo_3Q,34.4230803,-119.6840083,Our Lady of Guadalupe Mercado,8,"[0, 0, 0, 3, 5]"
901 E Cabrillo Blvd,TRUE,Qkg16mN-8QR66gjzg6gMyw,34.417321,-119.672226,Convivo Restaurant and Bar,445,"[45, 44, 53, 79, 239]"
617 N Milpas St,TRUE,Qsoq2TGOe59LZy7z6KbQjA,34.4275624,-119.687371,Domino's Pizza,56,"[43, 6, 2, 2, 5]"
618 Anacapa St,TRUE,R93mEcQ1pjq7q3LzShi3ow,34.4195407,-119.6963589,"Villa Craft Beer, Wine & Kitchen",77,"[0, 1, 2, 3, 71]"
836 N Milpas St,TRUE,RKuAfE06rDcetvOTI5MbbA,34.430141,-119.690105,Taqueria El Buen Gusto,88,"[4, 2, 8, 25, 49]"
116 Santa Barbara St,TRUE,RRGLss4hhvZZuR0N6GQlSw,34.4157328,-119.6884605,Nook,208,"[15, 13, 21, 45, 120]"
2912 De La Vina St,TRUE,R_8S3Iuhpzoi3nM-xq3kcw,34.43785278,-119.727136,The Daily Grind,101,"[17, 8, 10, 21, 49]"
2251 Las Positas Rd,TRUE,RiOcLw__HPf_rTOTpYKnHQ,34.4265297,-119.7344374,Meet Up Chinese Cuisine,140,"[19, 5, 10, 17, 99]"
1235 Olive St,TRUE,RoGcpdwIe_k6Xhs71Wfs8Q,34.4294187,-119.7001372,Victoria Market,13,"[4, 2, 0, 2, 6]"
1818 Cliff Dr,FALSE,RqmKdsCh53VCr50QHybrAQ,34.4016567,-119.7211799,Mesa Liquors,5,"[4, 0, 0, 1, 0]"
335 S Milpas St,TRUE,RtJC7xavgAxOITQyAlGCbQ,34.41818303,-119.6738993,Tri-County Produce Co,95,"[10, 3, 3, 21, 58]"
"3815 State St, Space #G-141",TRUE,S7Cl9gYqaC9jlw32yd4_Yg,34.438351,-119.748331,Starbucks,50,"[13, 5, 8, 7, 18]"
24 El Paseo,TRUE,S8saWaZlToeNoloR2fMrAQ,34.4201076,-119.6995715,Grassini Family Vineyards,161,"[3, 4, 5, 27, 126]"
605 N Milpas St,FALSE,SMqSdSAoLP06sWUJ2uXUow,34.4272219,-119.6870801,Chapala Market,16,"[4, 3, 5, 1, 3]"
730 N Milpas St,TRUE,SYHDOHRNAH-2xsw3XB5qbg,34.42916929,-119.6889215,The Shop Kitchen,1108,"[47, 55, 108, 220, 695]"
230 Stearns Wharf,TRUE,SZU9c8V2GuREDN5KgyHFJw,34.4087147,-119.6850187,Santa Barbara Shellfish Company,2404,"[183, 183, 323, 733, 1022]"
8301 Hollister Ave,FALSE,Slg6Ec2D7vEBRmgVUfwkzQ,34.43416308,-119.9202039,Angel Oak,202,"[20, 18, 18, 36, 113]"
215 Helena Ave,FALSE,Slihcg1bmYvw-V_FUFghLg,34.4147205,-119.6919534,Harbor Meat & Seafood,14,"[0, 0, 0, 2, 12]"
418 State St,FALSE,Sp4HOjXy-LYV_4yy10L3jg,34.416541,-119.6945756,Modern Times Academy of Recreational Sciences,74,"[6, 2, 1, 8, 57]"
236 E Cabrillo Blvd,FALSE,Srt_8c1wZDcFSCsOTbJkiw,34.41407385,-119.6837494,Brews at the Beach,12,"[2, 0, 3, 4, 6]"
1106 State St,TRUE,Ss6f5v_t5Vddiaz4ZOxL0g,34.422719,-119.703303,Andersen's Danish Bakery & Restaurant,1106,"[131, 81, 114, 256, 545]"
3132 State St,TRUE,SsHMgOW3TT48Z7jeV5beqQ,34.4405926,-119.7324099,Kimchi Korean BBQ,312,"[34, 22, 29, 77, 161]"
4765 Calle Real,TRUE,T2otvNcawDSkhykOG2tOLA,34.44335,-119.78812,IHOP,113,"[56, 14, 9, 16, 19]"
417 Calle Palo Colorado,FALSE,T97hE3STgTgpwda75h6p1w,34.445431,-119.731107,Wine Canyon Tours,152,"[3, 0, 1, 3, 148]"
210 W Carrillo St,TRUE,T9I4G6Or3sAbyYmB7c23hw,34.4192335,-119.7046401,Tino's Italian Grocery,96,"[5, 4, 6, 12, 69]"
437 State St,TRUE,TCWnTa69sJ3vGQsdEe3Esw,34.4165849,-119.6955333,Uncle Roccos Famous NY Pizza,317,"[127, 41, 34, 34, 95]"
117 W De La Guerra St,FALSE,TI3Rydw47yBMzY1oW2wJUg,34.4178715,-119.7008868,Elsie's,152,"[11, 6, 16, 59, 66]"
719 Paseo Nuevo,TRUE,TUtf4FLtotdQDleYpRIfnw,34.418802,-119.700585,California Pizza Kitchen at Santa Barbara,193,"[38, 22, 41, 46, 47]"
3026 State St,TRUE,TVX2a4bVuCE2VUIkiLdZrQ,34.4406128,-119.729371,Flavor of India,501,"[59, 39, 47, 139, 228]"
34 E Sola St,FALSE,TZ-bgvsk189WywTLFrqfTQ,34.426043,-119.705782,Ascending Health Juicery,7,"[0, 1, 1, 0, 5]"
"38 W Victoria St, Ste 104",TRUE,T_TX4Lx03Juo4pHF5cMYuA,34.4236075,-119.7070539,Ca'Dario Pizzeria Veloce,34,"[10, 2, 5, 7, 10]"
1435 San Andres St,TRUE,Tc1L4BH_2pkCywkAEfCQRg,34.4185644,-119.7161005,Burger Express,9,"[0, 1, 0, 4, 4]"
110 W Mission St,TRUE,ToqcYJVdnrp4fefaucm-Vg,34.4298651,-119.7164754,Lele Patisserie,19,"[2, 0, 0, 1, 17]"
32 E Haley St,FALSE,TvBxBjed-iX6_22SwEYEFQ,34.4176801,-119.6943553,Santa Barbara Wine Country Tours,23,"[0, 0, 1, 1, 21]"
410 N Quarantina St,FALSE,Tw5tderBUFzj7fRLVZm2Bg,34.42367873,-119.6865685,Pure Order Brewing,82,"[2, 2, 6, 23, 53]"
50 Los Patos Way,TRUE,TzNk1TcWLZn0JCpO83hBAA,34.4225035,-119.6580896,Stella Mare's,477,"[28, 21, 34, 109, 303]"
730 N Milpas St,TRUE,U1Gc3wKN5viu_e68KJVOdQ,34.4291091,-119.6887154,Wingman Rodeo - Milpas Street,147,"[7, 17, 21, 28, 82]"
1225 State St,TRUE,U2hkeMI-q4cS35QolJYN0A,34.4238502,-119.7054774,Arigato Sushi,980,"[44, 60, 106, 245, 538]"
119 Harbor Way,TRUE,U3grYFIeu6RgAAQgdriHww,34.4037593,-119.6939922,Brophy Bros - Santa Barbara,2940,"[138, 175, 402, 933, 1355]"
1070 Coast Village Rd,FALSE,UA3HxLprLSOO9J6l1iR2Cg,34.4218178,-119.6494861,China Palace,205,"[33, 20, 25, 45, 84]"
414 E Haley St,TRUE,UBK6zb5-XUETfVzYkRTj1Q,34.4213378,-119.6903648,Lab Social,40,"[2, 0, 2, 8, 28]"
28 W Figueroa St,TRUE,UCf1qieF9Lss61Te-Qnacg,34.4218719,-119.7043007,Sushi Cafe,10,"[3, 1, 2, 2, 2]"
336 N Milpas St,FALSE,UDZxN93l5_ggUFeF0EEcYg,34.4254,-119.6836,CVS Pharmacy,7,"[3, 1, 0, 2, 2]"
"1213 State St, Ste L",FALSE,UFpCraqzFBAhtZqmxmiWsA,34.4233019,-119.7054707,Cat Therapy,116,"[6, 2, 6, 7, 98]"
18 E Cota St,FALSE,UQZe-qWOpGiyEPsTUko5Rg,34.4182166,-119.6961201,Rascal's Vegan Food,25,"[0, 0, 2, 4, 19]"
12 W Figueroa St,TRUE,UjgqSqa4Biy34pHSEdwj_g,34.4221006,-119.7037011,Gino's Sicilian Express,253,"[21, 19, 28, 55, 141]"
801 Shoreline Dr,TRUE,Un-UDVOuv1co3TMmGaumxA,34.4026017,-119.697943,Shoreline Beach Cafe,534,"[60, 46, 68, 163, 208]"
1315 Anacapa St,TRUE,UuRZpgZsHX7PyykHV3wbZg,34.42571985,-119.7052413,Crushcakes & Cafe,761,"[70, 67, 107, 255, 303]"
217 Starnms Wharf,FALSE,V2cQOeZwPBmjpln6_p1Ygw,34.41001377,-119.6855498,Stearns Wharf,297,"[3, 27, 62, 111, 96]"
3315 State St,TRUE,VAIOtbsxdNmuhUKkQZFRlA,34.4394292,-119.7358901,Renaud's Patisserie & Bistro,524,"[20, 29, 48, 136, 306]"
32 Anacapa St,FALSE,VC4jqq8Hu1_RjBFt8nHD2Q,34.4142112,-119.6887567,Sugar Cat Studio,19,"[0, 0, 0, 1, 18]"
1014 Coast Village Rd,TRUE,VOcGcN0bvGU_nzxbJgR5jQ,34.4225616,-119.6517163,Bettina,311,"[22, 18, 20, 38, 229]"
5110 Hollister Ave,TRUE,VOhZZ_8YhJ1mw8zmuw4k-w,34.4352748,-119.8027861,Magnolia Liquors,7,"[4, 0, 0, 0, 3]"
3891 State St,FALSE,VUeRlNoPfxywzNxWHU2Tig,34.440028,-119.750853,Target,50,"[15, 6, 7, 10, 12]"
"3967 State St Space 4, Space 4",TRUE,VciWUuWgNshjkRDPHiFCoQ,34.43870927,-119.7518459,Subway,8,"[1, 1, 2, 1, 3]"
321 Motor Way,TRUE,VgAKmXE8B7J0I_O_R13UKQ,34.41507,-119.6944335,Santa Barbara Roasting Company,511,"[36, 42, 60, 141, 243]"
116 E Yanonali St,FALSE,VguQ-YnKapMYMrfaKljWBg,34.4152803,-119.6899095,The Valley Project,75,"[9, 2, 4, 17, 44]"
1976 Cliff Dr,FALSE,VrQUskWkEnvKyyz_OkJZEg,34.402366,-119.72309,Rite Aid,18,"[6, 3, 2, 2, 6]"
634 State St,TRUE,Vt5gk5h5VlHXLu-cVKzOXw,34.4187305,-119.6976933,M. Special Brewing Company,24,"[7, 0, 0, 4, 13]"
2000 De La Vina St,TRUE,W7gSJz80DywKnPRIGjA2Bw,34.428957,-119.7169716,Derf's Cafe,126,"[31, 16, 11, 26, 46]"
2704 De La Vina St,TRUE,W7zCBDLFv13fDzRXJefrrA,34.43585,-119.725304,Mayo's Carniceria & Tacos,34,"[8, 1, 3, 9, 14]"
3301 State St,FALSE,WC53Z0z4g1wauYe3xnhSGQ,34.4400189,-119.7347994,7 Day Nursery,30,"[5, 2, 2, 6, 15]"
115 E Haley St,FALSE,WIH1ptTMD7aII_qfeVeaRg,34.418455,-119.69399,El Rincon Alteno,13,"[0, 1, 0, 2, 10]"
532 State St,TRUE,WUGRmrfSzQCyeG6mYAM-vw,34.41761581,-119.6963457,Yona Redz,125,"[11, 5, 6, 16, 88]"
134 E Canon Perdido St,TRUE,WVNkMz4sEl35swjVtKHOFw,34.42242282,-119.6983611,Alessia Patisserie & Cafe ,112,"[1, 2, 3, 15, 94]"
"21 N Milpas St, Ste E",TRUE,WVuSLF5tLVqMGMmj5pn7mw,34.421822,-119.679749,La Michoacana Premier,30,"[5, 2, 0, 5, 18]"
833 N Milpas St,TRUE,WWVw3g_n2ik8yp1Xlh3qEQ,34.4295904,-119.6902331,Mi Fiesta Liquor,6,"[2, 0, 0, 0, 4]"
1929 Cliff Dr,FALSE,WWoUVlbCdnNT_CQG3S0ZdQ,34.4015682,-119.7234423,The Point Market at Mesa Fuel Depot,28,"[10, 4, 2, 2, 10]"
201 W Mission St,TRUE,WhTRPUduXy3mRBYlmSmsKw,34.4283168,-119.7167114,Mission Street Ice Cream and Yogurt - Featuring McConnell's Fine,863,"[34, 27, 61, 187, 572]"
,FALSE,WkrFxB-p5u8gI0bbbfIUuQ,34.420334,-119.7107494,HelloHarvest,7,"[0, 0, 0, 0, 7]"
607 State St,TRUE,WrU1ZYN4jlYcL5mvJrQsCQ,34.41791795,-119.6971541,Night Lizard Brewing Company,133,"[3, 2, 3, 16, 112]"
410 Salinas St,FALSE,WxAIpTgD1tK_DgzwQ3Dgww,34.4227267,-119.667963,Mi Fiesta Market Deli,8,"[4, 3, 1, 1, 0]"
3020 State St,TRUE,XHxAIQR-QAz6j1RMaz_J1A,34.4405277,-119.7290589,Giovanni's of Santa Barbara,131,"[29, 18, 11, 27, 51]"
210 State St,FALSE,XI6CauzyZbKceQSUqnrB5A,34.4146045,-119.6915289,Paradise Springs Winery,67,"[6, 0, 5, 6, 50]"
4749 Calle Real,TRUE,XSL9RuLwRTyhNUwUo7WAPw,34.443573,-119.78884,Starbucks,18,"[11, 2, 1, 1, 3]"
8301 Hollister Ave,TRUE,XXsofYxziipczzc3OFDD5Q,34.4335126,-119.9206407,Caffè,8,"[3, 0, 1, 2, 2]"
1 Garden St,FALSE,XaClpgO7KFKZSuqBzXDcwA,34.4143027,-119.6871819,Santa Barbara Brewery Tours,6,"[3, 1, 0, 0, 2]"
500 Anacapa St,FALSE,XbKXYLjC50m1_OFESDYLWA,34.418164,-119.694435,Santa Barbara Wine Shuttle,6,"[0, 0, 0, 1, 5]"
113 W De La Guerra St,TRUE,XgehM3pBZWuXi45J2dqRJQ,34.4178719,-119.7007018,Green Table,319,"[18, 18, 29, 50, 219]"
"137 Anacapa St, Ste D",FALSE,XkmJfBmH-G7eLiq8vJnJRQ,34.41476496,-119.6906671,Cutler's Artisan Spirits,50,"[3, 1, 4, 9, 33]"
11 W De La Guerra St,TRUE,XkveGZ8pr9TL5bZCqmzuhA,34.4191062,-119.6995489,Hustle & Grind Coffee Company,50,"[3, 3, 2, 8, 34]"
1200 Coast Village Rd,FALSE,XscTpOBks1vDNUIwVsZAlA,34.4213456,-119.6444155,Bottle Shop,31,"[4, 2, 0, 10, 16]"
507 State St,TRUE,Xw_5QkLTyIEg6Hs-kXGNbg,34.4167811,-119.6961093,Galanga Thai Restaurant,297,"[47, 32, 37, 76, 112]"
819 State St,TRUE,XwnkfMUiyH-OsJXbmbOK5g,34.41972661,-119.7002778,Sushi Tyme,155,"[31, 18, 20, 41, 52]"
1112 State St,TRUE,XyYsl2OyoMi6OMvzsdcVoQ,34.422807,-119.703594,MIZZA,380,"[27, 29, 36, 65, 233]"
2720 De La Vina St,FALSE,Y0izXh4Dv1_YU68tn43Xiw,34.4364214,-119.7255464,Handlebar Coffee Roasters,221,"[10, 5, 15, 38, 156]"
29 E Cabrillo Blvd,TRUE,Y57sylYCgq2VQJuBCnjPfA,34.413204,-119.688437,Oku,429,"[33, 27, 38, 70, 266]"
308 S Walnut Ln,TRUE,Y6WDt1LiVZNNDCN8dR_bZg,34.4341691,-119.8020276,Lane Farms Produce Stand & Patch,41,"[7, 4, 2, 5, 23]"
514 E Haley St,FALSE,YGgGefpPTFhgthvQvMAGoQ,34.4224118,-119.6893092,Lito's Take  Out,286,"[14, 13, 30, 75, 160]"
721 Chapala St,TRUE,YXaCcpETNtxrNNK6TbUTlw,34.41803268,-119.6999646,Sachi Ramen And Robata Bar,324,"[33, 20, 34, 53, 193]"
53 S Milpas St,TRUE,YgbIbmfDlB-bZSsjuIfKwA,34.421271,-119.677216,Jack's Bistro and Famous Bagels,219,"[33, 24, 25, 44, 98]"
600 State St,FALSE,YnC3GioeL6aVCFD3ut2hYw,34.4180054,-119.6966838,Tuesday Farmer's Market,11,"[0, 0, 2, 3, 6]"
25 W Gutierrez St,FALSE,YrNtBUOUOYwmRZ_UVwH8iQ,34.4151277,-119.6948346,D'Angelo's Bakery,433,"[39, 54, 66, 127, 154]"
4447 Hollister Ave,TRUE,Z0mBsgDzDnFAEC5o4X6G9g,34.4394311,-119.7719422,Java Station,196,"[30, 13, 32, 55, 78]"
1131 State St,TRUE,Z4wmhciKWboy1FJKeqcw5w,34.422925,-119.704424,Draughtsmen Aleworks Taproom at Mosaic Locale,15,"[2, 0, 0, 3, 10]"
"205 Paseo Nuevo, Paseo Nuevo Mall",FALSE,ZJrGrghbNx4WTPb5cL2GFw,34.419215,-119.700334,See's Candies,11,"[3, 1, 2, 1, 4]"
3500 McCaw Ave,TRUE,ZRy4atrG3YHdb__qtE0FsA,34.4361786,-119.738382,Mulligan's Cafe & Bar,71,"[15, 3, 3, 21, 31]"
217 N Milpas St,TRUE,ZYqNIWch6Ik9wLZCa1hxkw,34.42387,-119.68222,Tacos Pipeye,171,"[5, 5, 7, 25, 133]"
"315 Meigs Rd, Ste K",TRUE,ZrxlfdFU_qpnIHI2DmoRxA,34.4005756,-119.7227184,Mesa Pizza,176,"[18, 8, 12, 27, 115]"
3611 State St,TRUE,ZyplC1MYtyPS3dxuBTLziA,34.4400656,-119.74073,Baskin Robbins,29,"[12, 3, 4, 6, 6]"
3430 State St,TRUE,_TEWOkqBWDtNigjujuPQfw,34.440822,-119.7374914,7-Eleven,11,"[4, 1, 2, 2, 2]"
3855 State St,FALSE,_Uyinj5wLMJ7x2cCfHO1Yg,34.4381445,-119.7494594,Bristol Farms - Santa Barbara,62,"[11, 5, 5, 9, 34]"
149 S Turnpike Rd,TRUE,_ecVi-tVoaKHKYxNkxFj7w,34.4377701,-119.789718,Dave's Dogs Grill,365,"[16, 14, 13, 48, 288]"
35 S Milpas St,FALSE,_o3AtnA941ClNRa8Rx7c-A,34.421468,-119.677352,Rite Aid,31,"[23, 3, 0, 3, 2]"
3007 De La Vina St,TRUE,a9K3jxNUUe6jr1uh8FsakQ,34.4386928,-119.7285101,The Patio Cafe Santa Barbara,65,"[23, 6, 2, 9, 26]"
900 San Ysidro Ln,FALSE,aFhPwy7OhyKah4cJY2QdEQ,34.446845,-119.623092,Stonehouse Restaurant,339,"[12, 14, 28, 52, 240]"
"3905 State St, Ste 1",FALSE,aIDRH4eKKBV0Je_W4y83sw,34.44031886,-119.7515594,Nutrishop,48,"[3, 0, 0, 1, 44]"
406 E Haley St,FALSE,aYMpjij5ShtEoZueMrQPRw,34.4211189,-119.690633,The Mill,5,"[1, 0, 0, 0, 4]"
,FALSE,aZF_j037W3AhvKKbXGdIQw,34.420334,-119.7107494,Violette Bakeshop,15,"[0, 0, 0, 0, 15]"
236 E Cabrillo Blvd,FALSE,abr7RHb5adfBWscv5DyLeA,34.4144516,-119.6851791,California Brew Festival,6,"[0, 0, 0, 1, 5]"
1111 E Cabrillo Blvd,TRUE,acqDz7WDsCS3WiLxHVceOg,34.4178772,-119.6693964,Café Lido,11,"[1, 3, 1, 0, 7]"
428 East Haley St,TRUE,alzPS7bo3yp3yystK62g2g,34.42170341,-119.6901146,Twenty-Four Blackbirds Chocolates,20,"[0, 1, 0, 2, 17]"
29 N Milpas St,TRUE,apdwYbDYSOgD89eEa8yDcw,34.42226826,-119.6802254,McDonald's,40,"[19, 6, 7, 7, 3]"
3613 State St,TRUE,b1shfPbHpkeWtbGbz5iAtg,34.440062,-119.7408542,Rudy's Mexican Restaurant,130,"[28, 32, 20, 26, 35]"
14 W Calle Laureles,TRUE,b2Za53CjptGyf9K0fFnrAg,34.43980386,-119.7283962,Petrini's Italian Restaurant - Santa Barbara,233,"[25, 29, 24, 62, 99]"
"38 W Victoria St, Ste 109",TRUE,bPVPZeqMuYtU_yGCb4P-jg,34.42357707,-119.7070424,Empty Bowl Gourmet Noodle Bar,705,"[32, 39, 67, 157, 435]"
1134 Chapala St,TRUE,bVaRZDHkWdsHuARGxxpREw,34.422291,-119.705339,Sushi Bar 29,97,"[4, 4, 4, 9, 77]"
216 E Yanonali St,TRUE,bXrQejeR66IwebuhxPS7GA,34.4164748,-119.6894223,Metropulos Fine Foods,323,"[11, 13, 12, 66, 230]"
22 Anacapa St,FALSE,bf32KWp9yvN-WT8c-QtbzA,34.4140355,-119.6885284,Municipal Winemakers,260,"[11, 10, 22, 69, 150]"
5 W Canon Perdido,TRUE,bp482wqF6v80AltDNlPDfw,34.420002,-119.700559,The Blue Owl,530,"[21, 20, 46, 110, 350]"
"137 Anacapa St, Ste B",TRUE,c-W17u2jiFOD2H_d6uo-bQ,34.4147602,-119.690633,Area 5.1 Winery,236,"[7, 7, 26, 52, 146]"
827 E Montecito St,TRUE,c0p9TawJSQHchy5aL8NWgQ,34.4243075,-119.6832787,Rosales Mexican Restaurant,227,"[8, 8, 11, 50, 157]"
100 W Carrillo St,TRUE,c12V0ARL6jmrmge1ZPf9WA,34.4199481,-119.7041816,Ralphs Fresh Fare,112,"[62, 17, 7, 23, 10]"
401 Paseo Nuevo,FALSE,c3UA1gYc6VY7dEyS0135pQ,34.41886672,-119.6986803,Tondi Gelato,103,"[1, 0, 0, 6, 98]"
512 State St,TRUE,cAbdvzqtFLaAAMFIyPf2AA,34.4171144,-119.6958556,Holdren's Steaks & Seafood,544,"[56, 47, 74, 132, 248]"
"634 State St, M. Special Brewing Company",FALSE,cCi63HyU5XtjCaCVw0qJCw,34.4187305,-119.6976933,M Kitchen,15,"[4, 2, 2, 4, 3]"
"120 State St, Ste B, The Funk Zone",TRUE,cEN8j6jL0OJ0zhe-AX58Hw,34.413582,-119.691057,McConnell's Fine Ice Creams,156,"[5, 5, 9, 33, 105]"
"5330 Debbie Rd, Ste 200",FALSE,cHDV5cpGcqVwN7K-5aA4zQ,34.4381401,-119.8102029,Gold Medal Wine Club,6,"[0, 0, 1, 0, 5]"
825 State St,FALSE,cNvCXy9SaWjIQNEh3bc3gQ,34.419983,-119.700408,Rite Aid,36,"[21, 7, 0, 3, 6]"
552 University Road,TRUE,cVW9b_1bqsvTU1jhGNWUsw,34.415142,-119.840629,Yoshinoya,9,"[1, 2, 2, 2, 2]"
4437 Hollister Ave,FALSE,cbQgU7MxJvyVDROjg-w7yg,34.4396965,-119.7713482,Talevi's Wine & Spirits,12,"[3, 1, 0, 1, 8]"
2908 De La Vina St,TRUE,crlk8kaurC4zrPUTt7BevQ,34.4376929,-119.7269265,Chubbies Hamburgers,143,"[13, 6, 21, 41, 67]"
8301 Hollister Ave,TRUE,ctVn7wMvJX8f4Z9SnOnrHw,34.433341,-119.918381,The Bistro,243,"[36, 26, 40, 42, 105]"
"28 Anacapa St, Ste E",TRUE,d0E938M2_4kcuULUdnj-Xw,34.4141317,-119.6886868,Brass Bear Brewing & Bistro,269,"[4, 5, 7, 61, 198]"
"1819 Cliff Dr, Unit C",FALSE,dDU-0EW4Asx-RnM-vULFQw,34.4010923,-119.7214959,Lighthouse Coffee,87,"[5, 4, 6, 14, 59]"
"315 Meigs Rd, Ste J",TRUE,dQ6d9H7rnFSOSC_FXbJ_FQ,34.4005756,-119.7227184,Blenders In the Grass,50,"[7, 1, 3, 12, 28]"
121 E Yanonali St,FALSE,ddm-u31cWT7Uq097opQUuQ,34.4158054,-119.689906,XO Burger,5,"[0, 1, 1, 3, 0]"
"512 Laguna St, Ste A",FALSE,dkknmgSHWyVaahT8u4ikZw,34.4217208,-119.6911655,Catering Connection,48,"[0, 1, 0, 1, 47]"
25 Northridge Rd,FALSE,dld9HhmtWlZwM-8evbtUlQ,34.4538189,-119.7426333,Super Bee Rescue and Removal,14,"[0, 0, 0, 0, 14]"
"1129 State St, Unit A",TRUE,dutm97q2F4a6RV6YQ0uLHw,34.42261149,-119.7044321,Crush Bar and Tap,34,"[0, 0, 0, 0, 34]"
"University Center Bldg, Room 1180",TRUE,dv6tq79a0PhoFphStXkqcQ,34.411499,-119.849012,Jamba Juice,15,"[2, 3, 5, 3, 2]"
633 E Cabrillo Blvd,TRUE,e63pcbZaXxSY_YyhBol-bw,34.41718792,-119.6766894,The Roundhouse,22,"[5, 6, 5, 3, 3]"
"1028 Coast Village Rd, Ste A",TRUE,e8NRt-1C8eI85C59pKhJuA,34.4220401,-119.6517261,Caffe Luxxe,50,"[13, 4, 1, 6, 28]"
2618 De La Vina St,TRUE,eBxc95u_Gcs9bLST0UntOQ,34.4352389,-119.7245736,Santa Barbara Chicken Ranch,378,"[28, 23, 46, 112, 174]"
217 G Stearns Wharf,TRUE,eL4lyE7LNoXEMvpcJ8WNVw,34.4100065,-119.6855487,Deep Sea Tasting Room,472,"[17, 24, 48, 144, 247]"
1111 E Cabrillo Blvd,TRUE,eUIsUpG6KAonYxGoExzy2Q,34.41763899,-119.6692747,Costa Kitchen & Bar,14,"[0, 0, 0, 2, 12]"
22 W Mission St,FALSE,eanjvgtX8b-m_zgkO0YBDg,34.4304998,-119.7156407,Tamara's Catering,19,"[1, 1, 0, 2, 15]"
3849 State St. Space I-58,TRUE,ebJav941naDgngDP2EIRHw,34.439041,-119.749199,Panda Express,51,"[24, 11, 3, 5, 8]"
1482 E Valley Rd,FALSE,edDmC1Zcr5SVczbKBfiXqw,34.438242,-119.633683,Montecito Village Grocery,25,"[8, 5, 2, 5, 7]"
8 E Cota St,TRUE,edJoBsse6nsF0BYh6pATAg,34.4179959,-119.69631,The Palace Grill,1500,"[48, 71, 150, 430, 837]"
311 Castillo St,FALSE,efySo0N7XEp4IeefjX8Muw,34.4106813,-119.6979196,JJ's Liquor,12,"[7, 0, 0, 2, 3]"
220 Gray Ave,TRUE,eikRexw04kC6siBDkFnayQ,34.4163545,-119.6905232,Shalhoob's Funk Zone Patio,367,"[21, 9, 21, 77, 248]"
901 N Milpas St,TRUE,ejqpFQ0dwO7AZhxTO9fySg,34.4299488,-119.6907914,Bossie's Kitchen,140,"[7, 6, 9, 18, 106]"
539 State St,TRUE,elX9a3nvGMSweRaMWgSb0Q,34.417558,-119.696785,Starbucks,92,"[16, 9, 11, 21, 35]"
3052 State St,TRUE,eneANX6b3SuFqxvRIb4yeg,34.4406804,-119.7303602,Bev Mo,37,"[8, 10, 5, 7, 8]"
3524 State St,TRUE,eukRpR47MDH4XXfU_Dul9Q,34.440642,-119.7392725,Madam Lu,136,"[28, 19, 15, 33, 43]"
"38 W Victoria, Unit 122",TRUE,f3eve2cxUIzyanWnHdMtFQ,34.4236075,-119.7070539,Corazon Cocina,813,"[16, 26, 36, 120, 641]"
1026 State St,TRUE,f7S0WFDy_J1TGahYhnoMLA,34.4223088,-119.7025471,OPPI’Z Bistro And Natural Pizza,170,"[7, 7, 14, 20, 127]"
3232 State St,TRUE,fApb6LKfOdy5u7MP0hsHKg,34.4406669,-119.7338492,Kyoto,260,"[23, 27, 44, 74, 96]"
3747 State St,FALSE,fHUAs1ec568wu-a_mRq7Rw,34.440179,-119.7441718,Jack in the Box,49,"[41, 4, 4, 4, 0]"
30 E Victoria St,TRUE,fKrmWy4GFsrgdOYhN9pyZA,34.4248824,-119.7047448,Trattoria Vittoria,334,"[32, 28, 34, 82, 166]"
,FALSE,fO89arPgWzq_1YYQYLS4Yw,34.420334,-119.7107494,Wine Tasting Designated Drivers of Santa Barbara,85,"[4, 1, 0, 5, 75]"
"811 State St, unit E",TRUE,fVUurZgbWXzp2QzDzJzmpA,34.41960161,-119.7001504,Pickles & Swiss,1213,"[57, 51, 62, 137, 939]"
1221 State St,TRUE,fiQxkb1pfPpvrr0oYYYBcA,34.42378716,-119.7052808,The Daisy Restaurant,98,"[1, 3, 2, 7, 89]"
405 Glen Annie Rd,TRUE,fnGZspqyamRremXor0sAyg,34.44293792,-119.8800369,Frog Bar & Grill,16,"[1, 2, 3, 4, 6]"
813 Anacapa St,TRUE,fqStx0SvwMFChX_HIdUeEQ,34.42113044,-119.6990535,Wine Cask,322,"[16, 18, 39, 83, 172]"
2735 De La Vina St,TRUE,gMyj3DKvZJrMzuXv1p64GA,34.4362772,-119.7261952,De La Vina Liquor,5,"[2, 0, 0, 2, 1]"
"6 Harbor Way, Ste 127",FALSE,gaNQrd95h2-4TZaUDPTAIQ,34.4037461,-119.6930334,Rooted Vine Tours,45,"[2, 0, 0, 1, 43]"
500 Anacapa St,FALSE,geKBfuHkJFpQttIFfPHrmg,34.4181245,-119.694345,Eos Transportation,80,"[3, 2, 1, 3, 72]"
502 State St,TRUE,gebiRewfieSdtt17PTW6Zg,34.4169836,-119.6955563,Hibachi Steak House & Sushi Bar,488,"[87, 66, 78, 105, 166]"
,FALSE,ggkif8dgbPvsqf8U3FI3uQ,34.420334,-119.7107494,Taste Santa Barbara Food Tours,124,"[0, 2, 2, 2, 120]"
3305 State St,TRUE,ghLjxj4HoSHdflBEz2lIqA,34.439341,-119.735118,Gelson's,110,"[13, 12, 13, 38, 39]"
1436 Chapala St,TRUE,gjCxTVItFxk46rCZ-YaiFA,34.42506737,-119.7091551,South Coast Deli- Chapala,340,"[15, 9, 17, 61, 247]"
3925 State St,TRUE,grBPIq_eJCT_SGuhvMrUZQ,34.4401597,-119.7524213,Blaze Pizza,146,"[26, 17, 16, 22, 70]"
711 Chapala St,FALSE,gsXBNWHWhHv_f9NcwpVajw,34.4176797,-119.6998452,Lighthouse Coffee,29,"[0, 1, 3, 8, 17]"
1271 Coast Village Rd,TRUE,h4zjPjFmQgJQzYEXLcHenw,34.4212826,-119.6413255,The Liquor & Wine Grotto,46,"[1, 0, 0, 1, 44]"
501 N Milpas St,FALSE,h8DlM-VbvCNzpsTqihgUAw,34.4262971,-119.6856795,Jack in the Box,41,"[34, 3, 1, 1, 4]"
177 S Turnpike Rd,TRUE,hDr_bt6MEwlGvGCCKzyzhg,34.43751671,-119.7909392,Goleta Coffee Co and Loca Vivant Kitchen,187,"[17, 16, 24, 53, 82]"
,FALSE,hMi8sXXPj_AwwfsEJ4RZgA,34.420334,-119.7107494,Urban Wine Trail,8,"[0, 0, 0, 1, 8]"
1017 State St,FALSE,hPzPpfSjgQkpWCD7YjcY-A,34.4216848,-119.7026997,Lilac Pâtisserie,588,"[25, 30, 37, 87, 426]"
"3849 State St, Ste I157",TRUE,hVKH5oED9NgGaZeIiF547A,34.43892169,-119.7492355,Backyard Bowls,214,"[21, 11, 15, 49, 123]"
900 N Milpas St,TRUE,hdCu74rz33m3EgDmdDn1SA,34.43024894,-119.6904097,Dave’s Dogs,53,"[2, 1, 2, 12, 36]"
20 E Cota St,TRUE,hfN0fllM3m2jykAgToRTlQ,34.4182246,-119.696015,Mezza Thyme,46,"[0, 0, 0, 3, 44]"
515 State St,TRUE,i5C6RVgr03HSrgCl8oa1Fg,34.417115,-119.696243,Patxi's Pizza,730,"[81, 52, 67, 165, 385]"
3957 State St,TRUE,i9ASBmmIJS3RjN_UP-TtKw,34.438884,-119.752446,Starbucks,40,"[11, 5, 12, 5, 7]"
1311 State St,TRUE,iBBV8vesQ8fo2IQA7an1JA,34.4243524,-119.7064283,Jane,733,"[26, 49, 61, 206, 413]"
1915 De La Vina St,FALSE,iBGR1hX6To3FGtCgCgDtqQ,34.4281804,-119.716529,Feast and Fest Catering,32,"[3, 0, 1, 0, 28]"
414 N Salsipuedes St,TRUE,iBTc6XKgW5HESEZIii-G4g,34.4225755,-119.6875599,Carr Winery,164,"[4, 5, 13, 45, 99]"
1198 Coast Village Rd,TRUE,iHdrLu8deF5GceB0V1rPhA,34.4213337,-119.6449814,Oliver's,313,"[9, 13, 16, 41, 242]"
"3835 State St, Ste C-150-A, La Cumbre Plaza",FALSE,iIwnJPJJMVExGDwRE3UhUw,34.43748455,-119.7483567,Williams-Sonoma,30,"[7, 8, 3, 2, 10]"
813 Anacapa St,FALSE,iaLaRfHUysXkKd1iNCTWbw,34.4210178,-119.6988418,Cebada Wine,67,"[4, 1, 7, 5, 52]"
3614 State St,TRUE,icGg8xgDJVufg-xptMrDGw,34.4407049,-119.7409102,Denny's,158,"[68, 19, 14, 13, 45]"
2733 De La Vina St,TRUE,ifjluUv4VASwmFqEp8cWlQ,34.4362361,-119.7261474,Marty's Pizza,64,"[8, 9, 2, 14, 32]"
113 Harbor Way,FALSE,ijU7hEUbD1Nq7KKbi4nyeQ,34.4037623,-119.6942723,I Bike Santa Barbara Wine Country Tours,79,"[0, 0, 0, 1, 79]"
,FALSE,iktsndB_zjwblxdfigyrOw,34.420334,-119.7107494,Aspyn's Table,7,"[0, 0, 0, 0, 7]"
5 W Haley St,FALSE,izSgTrqebu8bN8ONOCs6cQ,34.41654781,-119.6956258,Oat Bakery,123,"[1, 4, 2, 6, 111]"
1816 Cliff Dr,TRUE,j3Ml_qEFnDOaH5miNzG6xw,34.40162,-119.721043,Rose Cafe No 2,173,"[31, 18, 22, 32, 71]"
,FALSE,j6F0mMGgp4THEAzhylPrGQ,34.433094,-119.6817845,Slate Catering,6,"[0, 0, 0, 0, 6]"
621 State St,TRUE,jLn69WQupjsDKrbPw_nlGQ,34.418154,-119.697609,Yogurtland Santa Barbara,125,"[4, 7, 12, 54, 49]"
3631 State St,TRUE,jR3sTUWCPuOCWpdm8Pn-wQ,34.44019263,-119.7415157,Sun Sushi,270,"[15, 14, 13, 44, 193]"
1819 Cliff Dr,FALSE,jW4a3W9-UkFxpglHvo_Kqg,34.401169,-119.721505,Meun Fan Thai Cafe,195,"[20, 19, 28, 56, 78]"
2714 De La Vina St,FALSE,jWgZRpdHy8csA1sUz1auSw,34.4360248,-119.7254785,Daniel's Bakery and Mexican Food,23,"[8, 0, 2, 4, 9]"
2700 De La Vina St,TRUE,jWhlz8LesaC7jZL9bHNe9A,34.4358551,-119.7250034,Bree’Osh,29,"[0, 0, 3, 9, 18]"
"2030 Cliff Dr, Ste 1A",TRUE,jZncFsMQdrq268OHq_Q6uw,34.402527,-119.724409,Super Cuca's Taqueria,108,"[7, 12, 12, 31, 47]"
633 E Cabrillo Blvd,TRUE,jfRq1KtjEGyPoMo9HZVw2Q,34.41697172,-119.6770749,The Set,32,"[5, 3, 4, 6, 14]"
6034 Hollister Ave,TRUE,jfW3_wYOj09pCOHJQB74_w,34.43741498,-119.8339624,AR Catering,5,"[0, 0, 0, 1, 4]"
3940 State St,TRUE,jshnKTsnoXLSez5XD1qo7Q,34.440871,-119.753054,McDonald's,56,"[20, 9, 9, 8, 10]"
1013 Bath St,TRUE,jssubXBNkiSJIhbKuDtmpQ,34.4185472,-119.7059044,Sushi Teri House,203,"[28, 32, 34, 53, 58]"
715 Chapala St,TRUE,k1XGvBoPAXdPoGC2W-f2aA,34.4178811,-119.6999881,Kanaloa Seafood,225,"[18, 17, 22, 39, 132]"
1332 Santa Barbara St,FALSE,k3lTRgvPvYUI-cX7_TAqNA,34.427284,-119.704006,University Club of Santa Barbara,76,"[0, 1, 0, 3, 73]"
361 Hitchcock Way,TRUE,k6Ptrc94R-Mk549pDEVTFA,34.4348633,-119.7460719,The Natural Cafe,164,"[13, 14, 19, 39, 80]"
200 S Milpas St,FALSE,k8Lm3Vn2202baslhmOK4FQ,34.41926804,-119.676387,76 Self Serve Gasoline,11,"[4, 0, 4, 2, 1]"
12 Helena Ave,FALSE,kBqyg_L_Xn9jQTCHYODbRg,34.4131241,-119.6889529,Skyenna Wine Lounge,90,"[3, 0, 1, 5, 83]"
133 E De La Guerra St,FALSE,kSKyOrJELZz_AzGkvnf8MA,34.4218669,-119.6975267,Mattias Blom,27,"[0, 0, 0, 0, 27]"
"4317 State St, Ste D",TRUE,kV1u9p8AEV7ItPlgXVODxA,34.4402476,-119.766991,Thai Kitchen,10,"[2, 1, 0, 2, 6]"
1812 Cliff Dr,TRUE,kZtl_NJjUnlIQgzFrBhXyQ,34.4017849,-119.720842,Ichiban,227,"[28, 21, 35, 65, 85]"
632 Santa Barbara St,TRUE,kbWKwvLXfJm5sLVfw-Foww,34.4208061,-119.6953852,Jill's Place,325,"[25, 22, 28, 84, 173]"
2973 State St,FALSE,kcL3D2xK9_1Uyj8zRZMyvQ,34.43956508,-119.727869,CVS Pharmacy,66,"[48, 4, 5, 3, 10]"
220 Gray Ave,TRUE,kpP2NhrCEabTWk9kfZdLbw,34.4163545,-119.6905232,Shalhoob’s Butcher Shop,62,"[2, 0, 0, 11, 51]"
"1485 E Valley Rd, Ste 14",TRUE,kwqXOtLCbNjgvwuMj4H1AQ,34.4365522,-119.6331957,Montecito Gourmet by Village Cheese & Wine,70,"[3, 1, 0, 5, 61]"
409 State St,TRUE,kwtKZ3fzM5jlR8Z7KIA17g,34.4159328,-119.6948421,Backstage Dueling Piano Bar,50,"[2, 0, 0, 2, 46]"
1260 Channel Drive,FALSE,l-rGtJt0E7PAklT0IK7oFQ,34.4173394,-119.64204,Four Seasons Resort The Biltmore Santa Barbara,508,"[36, 30, 40, 78, 337]"
2819 State St,TRUE,lNECraPTMtUPDJPjmF0tVA,34.438204,-119.725019,Crocodile Restaurant & Bar,119,"[14, 10, 10, 25, 62]"
525 State St,TRUE,l_slvEnh4v3W8BXF1gYlcQ,34.4171787,-119.6963836,Baja Sharkeez,655,"[116, 72, 64, 125, 297]"
3860 State St,TRUE,lnGHZ_pEJNGT9pcGQ467Ew,34.4407912,-119.749164,Treehouse Restaurant,52,"[11, 10, 10, 10, 11]"
508 State St,TRUE,lu2UpRHLBZfvLG_caNEHKQ,34.417184,-119.69578,The Natural Cafe,566,"[22, 37, 62, 199, 256]"
120 Santa Barbara St,TRUE,lwbFhaGaKUtwPdaXXjy3mQ,34.4158531,-119.6885284,The Waterline,11,"[0, 0, 1, 2, 8]"
217 E Anacapa St,TRUE,m4kvY0viCwxqRtgOycnKVQ,34.41549044,-119.6911167,Mony's Mexican Food,768,"[15, 13, 30, 130, 596]"
1533 State St,TRUE,mAqgsZBTN-wsShMpkz2o9g,34.4267539,-119.7095028,Cantwell's Market & Deli,142,"[30, 26, 18, 32, 39]"
504 State St,TRUE,mEzH6V1ruMHJrgKuLGoi1g,34.4170173,-119.6956047,Cold Stone Creamery,52,"[24, 7, 7, 7, 7]"
15 W Gutierrez St,TRUE,mPKqBWLSD8wxJLJ_4juY2w,34.4152547,-119.6945635,Chocolate Maya,159,"[7, 4, 5, 27, 119]"
"22 N Milpas St, Ste B",TRUE,mYofSuxrIrPS2Gjsu-ZI4w,34.4223935,-119.6794433,Eller's Donut House,47,"[2, 1, 2, 9, 34]"
1111 E Cabrillo Blvd,TRUE,mZ-pJSdAVrBa7ioXVzE7-Q,34.41765198,-119.6691209,Marbella,22,"[5, 2, 4, 3, 8]"
1026 Santa Barbara St,FALSE,mdI-2l7dlqcODbVNIWEQBQ,34.42447088,-119.7001984,Matilija Pure Water Systems,24,"[10, 0, 0, 2, 14]"
"813 Anacapa St, Ste 5B",FALSE,mwsA08gpaEALG3C1ZI4ktw,34.4207835,-119.6993168,Au Bon Climat Winery,82,"[7, 5, 8, 15, 47]"
116 E Yanonali St,TRUE,mxZMSFUamk7SIf5ndCLAxA,34.415395,-119.690058,Pali Wine,142,"[6, 9, 12, 37, 81]"
"125 Harbor Way, Ste 8",FALSE,n6reYUBVF9buglcojgB0FQ,34.403986,-119.693797,Harbor Market & Deli,6,"[3, 1, 1, 0, 1]"
536 State St,TRUE,nB0dV8yPv29F3-CFMPG8cw,34.4179009,-119.6964428,Joe's Cafe,726,"[99, 78, 124, 189, 259]"
416 E Haley St,TRUE,nMn4CTJQPXqpgLltYQrxMA,34.4214524,-119.690428,Cajé Coffee Roasters - Haley St,240,"[7, 2, 12, 20, 202]"
119 State St,TRUE,nYPzsOjvida-ne7swSPHpA,34.413456,-119.691322,Santo Mezcal,990,"[77, 35, 73, 147, 670]"
1112 State St,TRUE,n_RyzuCAiR4yW2JLkl0Jng,34.4228637,-119.703516,Cafe Shell,21,"[6, 4, 3, 6, 2]"
3955 State St,TRUE,nnn78cplvQGZSMVblpI5gQ,34.4391031,-119.7526713,Mandarin Palace,229,"[56, 27, 31, 49, 71]"
1260 Channel Dr,FALSE,noiUCN8A9Vdm9pUbWX6K-w,34.4174611,-119.6425353,Tydes Restaurant,56,"[5, 7, 6, 17, 24]"
,TRUE,nx01nL2of3ngBwA6XZYqEg,34.40769746,-119.6926868,Hotdog Mini Mart,5,"[0, 0, 0, 3, 3]"
37 E Victoria St,TRUE,o4IiNbNybcy-L4vzTSoDJw,34.42539135,-119.7048108,Ca' Dario,672,"[73, 57, 91, 140, 333]"
"131 Anacapa St, Ste A",FALSE,oGDGlUbOjHxmmCh8ZYcDCg,34.4148777,-119.690279,The Lark,1520,"[84, 103, 152, 332, 891]"
728 E Haley St,TRUE,oJsuZohTOk7oTiA7K3aqRw,34.4248528,-119.6866645,Mi Fiesta Market 4,7,"[3, 0, 0, 1, 3]"
1429 San Andres St,TRUE,oJwMmSZKJOnMboZ_z67MZw,34.4184182,-119.7160021,Revolver,93,"[4, 6, 5, 8, 72]"
Earl Warren Showgrounds,FALSE,oXP5aohLv5e7R4eahaGXkQ,34.4208305,-119.6981901,B and D's Curbside Grill,6,"[0, 2, 1, 2, 1]"
2984 State St,TRUE,oYireVavpwflbyWes2BsqQ,34.4405791,-119.7279897,Pueblo Pollo,5,"[3, 0, 0, 1, 1]"
3973 State St,TRUE,od_MWVpghkvSsl1HKasM9A,34.43864378,-119.7517986,Blenders In the Grass,55,"[9, 3, 5, 13, 27]"
734 State St,TRUE,oinV9xrSkR3b_T8sK1nsqg,34.41953272,-119.6991315,Bibi Ji,260,"[39, 26, 32, 38, 130]"
316 N Milpas St,TRUE,okc-iCgWvKGa1DfQSOh1Ig,34.42503353,-119.6827871,Milpas Taqueria,10,"[1, 0, 0, 4, 5]"
224 Helena St,TRUE,omnCKxL0f_akh0eYeJxjDg,34.4152367,-119.6917437,Seven Bar & Kitchen,353,"[48, 20, 45, 84, 164]"
"28 Anacapa St, Unit C",TRUE,ouQpkEJnFZzJy86ECkcTzQ,34.4141328,-119.6886894,DV8 Cellars,78,"[1, 3, 5, 13, 60]"
"351 Paseo Nuevo, Fl 2",FALSE,oyJdcjCTGEM2KiGqyJaFwA,34.419119,-119.699798,Workzones,17,"[0, 0, 0, 0, 17]"
3905 State St,TRUE,p2kC-cD22QAQzIGD8ZuqFA,34.4402406,-119.7516485,Peet's Coffee,73,"[10, 4, 11, 12, 38]"
,TRUE,pBPfWo_WfHVVkSKD_P3osg,34.4630827,-119.8062912,Lucca Truck,25,"[2, 0, 1, 0, 23]"
500 Ninos Dr,FALSE,pC0vDDpl_2ue3HGAmGpMSg,34.419341,-119.6654334,Ridley-Tree House Restaurant,5,"[1, 1, 1, 0, 2]"
,FALSE,pGtaxpSxxpmqPs6FAR1W_A,34.4216024,-119.698259,A Piece of Cake,12,"[7, 2, 0, 1, 2]"
418 State St,TRUE,pKSB4wXLiS8rd1cAEgD8oA,34.41643797,-119.6947699,Shaker Mill,79,"[4, 3, 8, 11, 54]"
"1114 State St, Unit 26",TRUE,pQh2GzkAnbLKiDqEpxcylQ,34.42303828,-119.7033359,Barbieri & Kempe: Wine,11,"[0, 0, 1, 0, 10]"
120 Santa Barbara St,TRUE,pUVRCYL8rT4I5Ry5FYkRsA,34.41579499,-119.6885961,Topa Topa Brewing Company,105,"[7, 3, 5, 21, 70]"
21 N Milpas St,TRUE,pUeTnGsnVi-H8RJ6prFFgw,34.4218168,-119.67975,Little Caesars Pizza,24,"[12, 2, 6, 3, 3]"
235 W Montecito St,TRUE,pqF3WkYktbR28uk2PSR7Rg,34.4117091,-119.6960527,The Neighborhood Bar,240,"[18, 9, 22, 78, 117]"
,TRUE,pqlCSlwPp3unjiEBcZe94g,34.4208305,-119.6981901,Room For Cake,6,"[0, 0, 0, 0, 6]"
2611 De La Vina St,TRUE,q-1ICFSqs2MwDGfe5tX-SQ,34.4348537,-119.7247287,Yellow Belly,337,"[18, 19, 29, 106, 182]"
,FALSE,q2Ao2HQyhvcT9UG-5-ZGYg,34.420334,-119.7107494,Captain Jack's Tours & Events,310,"[26, 7, 13, 26, 246]"
1201 Anacapa St,TRUE,q36uZc2hQml10YGHazJaoQ,34.42447694,-119.7035096,Secret Bao,145,"[4, 4, 8, 31, 104]"
900 San Ysidro Ln,FALSE,qM2gfO-cqpDzxmIX-XzuWA,34.44680327,-119.623098,Plow & Angel,77,"[8, 9, 9, 15, 39]"
331 West Montecito,TRUE,qS7uSZdQ3f0HqYSSaiYQ3A,34.4107609,-119.6969798,7-Eleven,10,"[7, 0, 0, 1, 2]"
1101 State St,TRUE,qUH2FppY7RL96F5tXzA0hQ,34.4223696,-119.7035202,Dune Coffee Roasters - State Street,633,"[29, 30, 53, 187, 344]"
14 E Cota St,TRUE,qVitsouI4aBiYx1_Fjn0Pg,34.4180746,-119.6962225,Foxtail Kitchen & Bar,270,"[30, 16, 16, 30, 181]"
5342 Hollister Ave,FALSE,qZb4ltF4lJxmzCm7IK_E1w,34.435452,-119.8105801,Plow to Porch,9,"[0, 1, 0, 1, 8]"
140 S Hope Ave,TRUE,qdpdUjdkEUpzYDdce2yZng,34.436708,-119.748708,Plaza Deli,188,"[22, 12, 13, 29, 120]"
614 E Haley,FALSE,quLvdiaBMaLG3enWfWHKgQ,34.4234555,-119.6881324,duo events,12,"[0, 0, 0, 0, 12]"
"38 W Victoria St, Ste 108",TRUE,qvXw3V4_9Pu4E7Qoi7-cKA,34.4236075,-119.7070539,Fala Bar,70,"[4, 1, 1, 5, 60]"
3325 State St,TRUE,qx2YTFXfVDwQUfOeWCFfbw,34.439864,-119.735889,Jersey Mike's Subs,43,"[12, 11, 5, 7, 12]"
"35 State St, Suite #b",TRUE,qyS7KHJNRR_1x-zIhDScBA,34.412764,-119.6903388,J Wilkes Wines,74,"[8, 2, 2, 1, 63]"
216 S Milpas St,TRUE,qyXcWGL5-bU_uV2VKxqzTw,34.4191467,-119.6759499,The Habit,164,"[20, 15, 19, 50, 64]"
"1255 Coast Village Rd, Ste 101",FALSE,r2IhvKZQ_wLR5mLBnPOilg,34.4210441,-119.6419027,The Honor Bar,557,"[35, 24, 38, 114, 361]"
1235 State St,TRUE,r5sQtvsO4OVJgEH5H3uEAg,34.424064,-119.70583,Starbucks,73,"[25, 14, 6, 15, 13]"
830 N Milpas St,TRUE,r8tU21scBflMxWiBESPtRQ,34.4300129,-119.6898256,Shang Hai,200,"[10, 11, 18, 37, 132]"
"1114 State St, Ste 18",TRUE,r926yelr_EJAKQCjdD6AWA,34.423044,-119.703208,State & Fig,519,"[31, 34, 59, 142, 262]"
3627 State St,TRUE,rPVmM0aJbC6lU_mnDiZ2Rw,34.4400608,-119.7413536,Tee-Off Restaurant and Lounge,213,"[19, 21, 26, 52, 106]"
811A State St,FALSE,r_UPGh9GHMyBhPVMKVxRuw,34.4195961,-119.7001497,Cajé Coffee Roasters,36,"[1, 1, 2, 10, 22]"
UCSB University Center,TRUE,rlfWeYI1SLvC8ZKM_OvXWA,34.411663,-119.847796,A Slice of Woodstock's,10,"[1, 1, 1, 3, 4]"
927 State St,TRUE,rlh6-MqKplp6DE42aRuS6w,34.420955,-119.701742,Viva Oliva,20,"[0, 1, 0, 0, 19]"
,TRUE,rxH22mT81ht_n3cGTbWi4A,34.4208305,-119.6981901,Beans BBQ and Catering,13,"[0, 0, 0, 0, 14]"
217 E Gutierrez St,FALSE,ryGwDtxLX9crWxXQMfFAvQ,34.4189049,-119.6921436,Smart & Final,17,"[5, 6, 3, 4, 0]"
1019 State St,TRUE,s4k1P9FHfPUzw3dqXRp7eA,34.421738,-119.70249,LOKUM Turkish Delight & Baklava,234,"[12, 8, 16, 22, 177]"
"406 E Haley St, Ste 1",TRUE,sBxbAv4TEjGZiLmPlnxrbQ,34.4211189,-119.690633,Potek Winery,33,"[3, 1, 3, 3, 23]"
"113 Harbor Way, Ste 180",FALSE,sCJEbsv0KEsx_IifiFjGDQ,34.4039899,-119.6938017,CHOMP on the Rocks,28,"[6, 3, 2, 2, 15]"
827 Santa Barbara St,FALSE,sHpxBos5-7GNkaMDZ3fnGA,34.422317,-119.698081,Cheese Shop Santa Barbara,5,"[0, 0, 0, 1, 4]"
935 State St,TRUE,sLfc9_WCN0lcTeUIA3X2og,34.42121,-119.701795,Creamistry,153,"[24, 16, 16, 16, 86]"
3014 State St,FALSE,sRopdCT6Hf0mwaAHJek7Fw,34.4406191,-119.7288749,San Roque Market & Liquors,14,"[3, 0, 1, 3, 7]"
36 State St,FALSE,sZHLbLnw1vwHF1xDzuV1iw,34.4132794,-119.6898862,Foley Food and Wine Society Tasting Room,11,"[0, 0, 3, 2, 6]"
516 State St,TRUE,sj2o49ZCq2iJlZxDNrHDaA,34.4174016,-119.6958927,Institution Ale Company,150,"[11, 1, 11, 23, 109]"
20 W Figueroa St,FALSE,sjWf71VmU5HIwqX8RGCLJw,34.42185991,-119.7039637,Riviera Bar,22,"[1, 3, 0, 2, 16]"
"1213 State St, Ste A",TRUE,sk0IM8koYo1o9-k_rpkmxQ,34.4234333,-119.7052658,Taqueria Santa Barbara,95,"[6, 2, 7, 6, 78]"
2981 Cliff Dr,TRUE,skY6r8WAkYqpV7_TxNm23w,34.40325738,-119.7437519,Boathouse at Hendry's Beach,2536,"[184, 170, 292, 668, 1274]"
1990 Cliff Dr,TRUE,soaZ7_oU7xcphlw6gpWblg,34.402329,-119.72339,Starbucks,47,"[19, 4, 5, 3, 18]"
"117 Harbor Way, Unit A",FALSE,sor6oj-nuslOcSx7di4urA,34.4037491,-119.6935611,Santa Barbara Fish Market,327,"[34, 9, 29, 73, 195]"
1000 1/2 E De La Guerra St,FALSE,spm1KEE-5jAJVTE0ldpzFA,34.430218,-119.6875202,Sweet creams,6,"[1, 0, 1, 1, 3]"
500 Fowler Rd,TRUE,ssZSQ7HzLFBbm41gWubXKQ,34.4246751,-119.8362464,Costa Terraza,46,"[9, 6, 13, 14, 8]"
3825 State St,TRUE,sxuv5uZU15UHGT_HB1xYxQ,34.438119,-119.748456,Islands Restaurant,197,"[29, 32, 21, 37, 92]"
230 E Victoria St,TRUE,syuKX2pH3JJhOOppzNI6SA,34.4271662,-119.7024792,Yoichi's,184,"[7, 3, 9, 13, 161]"
29 S Milpas St,TRUE,t5igEXKZt4CMtA2FX-GoGA,34.42157,-119.67783,Sprouts Farmers Market,21,"[4, 0, 0, 2, 17]"
1404 De La Vina St,TRUE,tGQytMbOXDdZS_OSK9hkBw,34.4234023,-119.7091656,Louie's California Bistro,149,"[10, 7, 15, 29, 90]"
535 Olive St,FALSE,tOd6MX3hSuMyQxMK3ZKBTQ,34.4226861,-119.6911465,Lucky Taxi & Limousine,7,"[1, 0, 0, 0, 6]"
"3851 State St, Ste A",TRUE,tS47dXDlx9t-6B_F56cKUA,34.43950397,-119.7491599,Chipotle Mexican Grill,97,"[63, 15, 7, 5, 12]"
3534 State St,TRUE,tSmUxIto8yAqijDgsjLBRQ,34.44067756,-119.7397026,South Coast Deli - Santa Barbara,10,"[1, 1, 1, 2, 5]"
,FALSE,tarvIQNXuZecIEFay9TpVw,34.42,-119.7,Romanti-Ezer,5,"[0, 0, 1, 1, 3]"
226 S Milpas St,FALSE,tf6S06LD09IFDHUpOPqPaw,34.41888943,-119.6754105,East Beach Tacos,856,"[28, 16, 37, 138, 648]"
21 W Victoria St,TRUE,thlyktt2c7v1DyOpSVSibw,34.4235294,-119.7062569,Scarlett Begonia,897,"[73, 58, 69, 210, 511]"
819 E Montecito St,FALSE,tnoUVvJZRPcawXl2gTlWpQ,34.4241946,-119.6835904,Jaffurs Wine Cellars,68,"[4, 2, 4, 16, 43]"
9 W Victoria St,FALSE,tthy48ZIX_wfY8Dy0Dvg6w,34.423983,-119.70586,Bouchon,1452,"[42, 57, 143, 274, 971]"
423 State St,FALSE,ty7akyarO89CLNFjArzLMQ,34.41621682,-119.6951589,Music Alley,7,"[1, 0, 1, 0, 5]"
7 W Carrillo St,TRUE,tyt3pz0x3ZB8GXsSx1a9Aw,34.4210753,-119.7019558,Roy,251,"[27, 28, 17, 54, 130]"
,FALSE,tzR6CHZNmnXzADX-SoM2sQ,34.4208305,-119.6981901,Grapeline Wine Tours,112,"[2, 1, 1, 5, 104]"
"618 Anacapa St, Ste A, Villa Wine Bar",TRUE,u3uB0GD7cVf5NC-AFHdwnQ,34.4195407,-119.6963589,Golden Line Coffee Bar,10,"[0, 0, 0, 0, 10]"
2018 Cliff Dr,FALSE,u9oG6CVhS9dJR5ZHS5q23A,34.4021549,-119.7248996,The Little Things Bakery,127,"[6, 2, 2, 7, 117]"
,FALSE,uGT2BZKB3t8Fi6vFTyM7zg,34.42,-119.7,Jessica Foster Confections,19,"[1, 0, 0, 1, 17]"
201 W Carrillo St,TRUE,uO39--k_hrCFgZh-Bl8m8A,34.418932,-119.704239,Taqueria Cuernavaca,409,"[7, 7, 22, 110, 268]"
511 State St,TRUE,uPaVoR6XHk12KT9KTr1WFw,34.4169271,-119.6961546,ASIE,149,"[50, 19, 14, 17, 51]"
1906 Cliff Dr,TRUE,uQSCNdPI0dC_sPsOh1U8NQ,34.40188178,-119.7223487,McDonald's,41,"[30, 3, 2, 0, 7]"
209 E Canon Perdido St,TRUE,uZYBF0YTU_iKq4_L_PDtMQ,34.4230232,-119.6981912,Zaytoon,1168,"[72, 67, 101, 290, 657]"
205 W Montecito St,FALSE,ukfAtVvdBD41s-yJ6gOx3w,34.4121276,-119.6954078,Semi Private Chef,12,"[0, 0, 0, 0, 12]"
745 S Kellogg Ave,FALSE,ukqJEIi-tuKcvO-u3plqlg,34.4293411,-119.8242206,Mountain Spring Water of Santa Barbara,10,"[4, 3, 0, 0, 3]"
5154 Hollister Ave,FALSE,uwVKlJUxamf9NsDt0L1RuA,34.434964,-119.8036934,Lassens Natural Foods & Vitamins,22,"[8, 6, 3, 1, 4]"
1111 E Cabrillo Blvd,FALSE,v1Uesklh8DpEufYOhTq4iA,34.4176898,-119.6685252,Mar Monte Hotel - Hyatt,767,"[266, 155, 109, 133, 121]"
"137 Anacapa St, Ste F",TRUE,v4lz71o76wWD8H15NsbZGA,34.41462841,-119.6907883,Figueroa Mountain Brewing Co.,425,"[29, 32, 29, 133, 215]"
3987 State Street,TRUE,v5jxpGnKbx3vVxs28dgokQ,34.4395144,-119.7516314,Saigon Vietnamese Restaurant,192,"[47, 46, 21, 39, 43]"
222 W Carrillo St,FALSE,vPv4J9bgh7BDy-p6tAM0ew,34.41900431,-119.7051946,CVS Pharmacy,25,"[17, 3, 2, 4, 2]"
3006 State St,TRUE,vTXNVK73GOvVb3js4w8SLg,34.4405731,-119.7284108,Domino's Pizza,39,"[22, 2, 5, 5, 7]"
4427 Hollister Ave,TRUE,vZG0BDPGDJxMGiXcGoVU6w,34.4397058,-119.7708382,SB Munchiez,182,"[29, 13, 16, 26, 103]"
1131 State St,TRUE,vgDl4_ZjoLLIU2ZPL83GIg,34.4229213,-119.7044244,Mosaic Locale,18,"[0, 3, 1, 4, 11]"
18 W Figueroa St,TRUE,vhWlxyLEWAbNOMtQ42yzFg,34.4219915,-119.7038202,Norton's Pastrami & Deli,492,"[17, 31, 41, 109, 303]"
"4141 State St, Ste F1",TRUE,vi5xjfEhV6rnXrC_GbdhnA,34.439423,-119.761667,El Rincon Bohemio,87,"[12, 11, 9, 25, 31]"
2911 De La Vina St,TRUE,vj6AetpADpHOYtMRZsXX3g,34.4374508,-119.7273828,Los Agaves,807,"[70, 40, 49, 149, 521]"
724 E Haley St,TRUE,vyOVT4bcW227LRwJGHTeSw,34.4246414,-119.686693,Buena Onda,414,"[4, 3, 10, 44, 361]"
1840 Cliff Dr,TRUE,w79qtK0PpeDWrnY7E-uTRg,34.402339,-119.721921,Taco Bell,28,"[8, 3, 2, 4, 11]"
150 S La Cumbre Rd,FALSE,w9fhhGNDCSub7WiQqcixeg,34.43804883,-119.7506279,Conserv Fuel,12,"[5, 1, 1, 2, 5]"
1909 Cliff Dr,TRUE,wAPXYljzn9YDTvQqqL54pw,34.40129523,-119.7227678,7-Eleven,8,"[3, 0, 1, 3, 2]"
"1046 Coast Village Rd, Ste K",FALSE,wFES5bGDiPANW13hNHnXOQ,34.422264,-119.650288,Sakana Sushi Bar & Japanese,374,"[35, 17, 26, 59, 249]"
302 Meigs Rd,TRUE,wJiaLWAxfqDeFsmE2cI8tg,34.400241,-119.7216702,Lazy Acres Market - Santa Barbara,244,"[43, 31, 21, 74, 99]"
126 E Canon Perdido,FALSE,wK2IixmZUOEFGz1QZqR99Q,34.4221614,-119.6986193,Lovejoy's Pickle Room,75,"[6, 4, 1, 20, 45]"
4444 Hollister Ave,TRUE,wMZAnrfwV-qHiV5zdTSrzw,34.4400581,-119.7717886,The Creekside Restaurant & Bar,296,"[34, 23, 25, 54, 170]"
1213 State St,TRUE,wUHUyTrOpUcTVTQpyZFo8w,34.423608,-119.705139,McDonald's,34,"[13, 12, 3, 2, 4]"
430 State St,TRUE,wb6rAxDPWP_5AAl3CKCM1w,34.4167934,-119.6950827,Insomnia Cookies,75,"[12, 4, 14, 14, 32]"
834 Santa Barbara St,TRUE,wfjqxgLSsLtyzswzQBziSw,34.4226944,-119.6979774,Panino,165,"[8, 9, 18, 51, 82]"
129 N Milpas St,TRUE,wvD7TOuE-qUhkyXoi8K8hA,34.42323789,-119.6813092,Taqueria El Bajio,246,"[28, 17, 13, 71, 124]"
38 W Victoria St,TRUE,wxdpQV7CZHn6_DFr-JGUgw,34.4235962,-119.7066283,Rori's Artisanal Creamery,289,"[10, 7, 24, 65, 188]"
,TRUE,x1-RLqVvspmksSiICHCcRw,34.4208305,-119.6981901,Delaney's Desserts,8,"[0, 0, 0, 0, 8]"
"219 Stearns Wharf, Ste A",TRUE,x8JcV7sAyDN5k9qbnlfGdA,34.4098797,-119.6855073,Great Pacific Ice Cream,122,"[41, 14, 34, 18, 15]"
633 Chapala St,FALSE,xEjPCUocVTNszm3D39qmYg,34.4172786,-119.6991415,Pura Luna Apothecary & Full Spiral Salon,15,"[0, 0, 0, 0, 15]"
"4317 State St, Ste A",TRUE,xGaYXbXGwagUKPNEaVqbWw,34.4402476,-119.766991,Eller's Doughnut House & Bakery,71,"[20, 11, 10, 10, 24]"
1411 San Andres St,TRUE,xIGiif0TmmmGuV2-sidMSw,34.41796758,-119.7153072,La Bella Rosa Bakery Cafe,46,"[14, 2, 7, 10, 14]"
36 State St,FALSE,xRapA2lG7mjJ6eOqHmxe-A,34.4132794,-119.6898862,Blackbird,155,"[16, 15, 10, 26, 90]"
1236 Santa Barbara St,TRUE,xVtO6a4dqKQQzMXkSPL80A,34.4264694,-119.7032393,Presidio Market,73,"[7, 4, 5, 26, 35]"
State St & Cota St,FALSE,xotdeLae9P1mHAiJx4D0XQ,34.4177317,-119.696807,Marcie's Pies - Jimenez Family Farm,20,"[7, 3, 0, 3, 8]"
340 W Carrillo St,FALSE,y0zNj0TAgNeAkE-wNphWsg,34.41754024,-119.7063986,Arco,6,"[5, 0, 0, 1, 0]"
117 Harbor Way,TRUE,y4x_wAQvUxvTR8iV-JP4Jg,34.4037491,-119.6935611,On The Alley,504,"[22, 25, 47, 189, 228]"
2001 De La Vina St,TRUE,yEmEDomLUofVtbZoUeFV5g,34.4286593,-119.7173255,The Daily Grind Coffee & Tea Station,312,"[38, 24, 28, 93, 132]"
,FALSE,yFIL4NAyniThUp1ChdmFXw,34.50655662,-119.7070313,Danny Douglas Catering,19,"[0, 2, 0, 0, 17]"
"38 W Victoria St, Ste 119",TRUE,yM7eA2uuH3Ch7OYVj3PKSw,34.42369048,-119.7072449,Wabi Sabi,82,"[5, 5, 6, 9, 62]"
600 N Milpas St,TRUE,yPSejq3_erxo9zdVYTBnZA,34.4274939,-119.686624,Los Agaves,3834,"[128, 95, 216, 757, 2693]"
3400 Calle Real,TRUE,ySXGwFTgDesGgD3UyUfVSw,34.4307246,-119.735418,Lunchbox,11,"[0, 0, 0, 0, 11]"
501 State St,FALSE,ycbmvmBYk4w_ZmdrPL0tBQ,34.4167478,-119.6957697,The Cruisery,362,"[67, 13, 18, 43, 232]"
115 E Haley St,TRUE,ygZyTUWS4dbVL8d6vAiN4A,34.418462,-119.693982,Taqueria Rincon Alteno,68,"[9, 2, 6, 12, 40]"
8 Ashley Ave,TRUE,ymDsgL5cHGMBVJ_gFT5p9Q,34.42077444,-119.679337,Sanguis,16,"[0, 0, 0, 0, 17]"
738 State St,TRUE,yw3vRR7XLIjEnlhMnVzR7w,34.419763,-119.6989834,Kai Sushi Shabu-Shabu,240,"[82, 38, 40, 41, 43]"
2010 Cliff Dr,TRUE,z64NmuzWMMmJty6gE_3nWQ,34.4025297,-119.7237643,Vons,24,"[11, 4, 1, 4, 4]"
"11 W Victoria St, Ste 17",TRUE,z6I4QVP1M1HXETgwD92XHg,34.42299711,-119.7045224,Olio E Limone Ristorante,488,"[38, 44, 56, 112, 244]"
720 State St,TRUE,z9-8KvMAlVK46De-G3sNJQ,34.4193109,-119.6985193,Blenders In The Grass,239,"[10, 17, 26, 61, 127]"
631 W Carrillo St,TRUE,zJpZ-uQ_F0XVgK1u98uWSg,34.4146025,-119.7100933,Gloria's Gourmet Kitchen,13,"[2, 0, 0, 0, 11]"
200 Stearns Wharf,FALSE,zVwnTKz7JIOoN-MbbQMzYA,34.409215,-119.685157,Eat This Shoot That!,80,"[2, 0, 2, 1, 75]"
"1131 State St, Inside Mosaic Locale",FALSE,zZrDoiQIUmiVkifJx0h_KA,34.42305632,-119.7045147,Old Town Coffee Downtown,8,"[0, 1, 1, 0, 6]"
15 East Cabrillo Blvd,TRUE,zbrIMldF_O1ZQ0vpUaaa8A,34.412758,-119.688965,Bluewater Grill - Santa Barbara,768,"[94, 76, 91, 140, 398]"
2830 De La Vina St,FALSE,zeAfmYy9b1gfUJLRBHm6vQ,34.437063,-119.725682,Presto Pasta,240,"[28, 16, 23, 63, 113]"
305 W Montecito St,TRUE,ziXR7sUrbKRCNeDqfjibUg,34.4113137,-119.6962919,Rudy's Restaurant No 1,262,"[34, 29, 28, 64, 115]"
728 State St,TRUE,znlrxrY4InSx7ekPZxoHRw,34.4194911,-119.6987739,McConnell's Fine Ice Creams,1537,"[28, 42, 73, 285, 1125]"
